-- MySQL dump 10.13  Distrib 8.0.33, for Win64 (x86_64)
--
-- Host: 127.0.0.1    Database: doremifood
-- ------------------------------------------------------
-- Server version	8.0.33

/*!40101 SET @OLD_CHARACTER_SET_CLIENT=@@CHARACTER_SET_CLIENT */;
/*!40101 SET @OLD_CHARACTER_SET_RESULTS=@@CHARACTER_SET_RESULTS */;
/*!40101 SET @OLD_COLLATION_CONNECTION=@@COLLATION_CONNECTION */;
/*!50503 SET NAMES utf8 */;
/*!40103 SET @OLD_TIME_ZONE=@@TIME_ZONE */;
/*!40103 SET TIME_ZONE='+00:00' */;
/*!40014 SET @OLD_UNIQUE_CHECKS=@@UNIQUE_CHECKS, UNIQUE_CHECKS=0 */;
/*!40014 SET @OLD_FOREIGN_KEY_CHECKS=@@FOREIGN_KEY_CHECKS, FOREIGN_KEY_CHECKS=0 */;
/*!40101 SET @OLD_SQL_MODE=@@SQL_MODE, SQL_MODE='NO_AUTO_VALUE_ON_ZERO' */;
/*!40111 SET @OLD_SQL_NOTES=@@SQL_NOTES, SQL_NOTES=0 */;

--
-- Table structure for table `delivery_man_table`
--

DROP TABLE IF EXISTS `delivery_man_table`;
/*!40101 SET @saved_cs_client     = @@character_set_client */;
/*!50503 SET character_set_client = utf8mb4 */;
CREATE TABLE `delivery_man_table` (
  `dm_id` varchar(8) NOT NULL,
  `dm_password` varchar(45) NOT NULL,
  `dm_name` varchar(50) NOT NULL,
  `dm_account_balance` decimal(8,2) NOT NULL,
  PRIMARY KEY (`dm_id`)
) ENGINE=InnoDB DEFAULT CHARSET=utf8mb4 COLLATE=utf8mb4_0900_ai_ci;
/*!40101 SET character_set_client = @saved_cs_client */;

--
-- Dumping data for table `delivery_man_table`
--

LOCK TABLES `delivery_man_table` WRITE;
/*!40000 ALTER TABLE `delivery_man_table` DISABLE KEYS */;
INSERT INTO `delivery_man_table` VALUES ('DM1','DM1','Prince',29.00),('DM2','DM2','Princess',0.00),('DM3','hr462','Horse',30.00);
/*!40000 ALTER TABLE `delivery_man_table` ENABLE KEYS */;
UNLOCK TABLES;

--
-- Table structure for table `dining_method_table`
--

DROP TABLE IF EXISTS `dining_method_table`;
/*!40101 SET @saved_cs_client     = @@character_set_client */;
/*!50503 SET character_set_client = utf8mb4 */;
CREATE TABLE `dining_method_table` (
  `dining_method` varchar(8) NOT NULL,
  `method_fee` decimal(6,2) NOT NULL,
  PRIMARY KEY (`dining_method`)
) ENGINE=InnoDB DEFAULT CHARSET=utf8mb4 COLLATE=utf8mb4_0900_ai_ci;
/*!40101 SET character_set_client = @saved_cs_client */;

--
-- Dumping data for table `dining_method_table`
--

LOCK TABLES `dining_method_table` WRITE;
/*!40000 ALTER TABLE `dining_method_table` DISABLE KEYS */;
INSERT INTO `dining_method_table` VALUES ('Delivery',3.00),('Dine In',0.00),('Pick Up',0.00);
/*!40000 ALTER TABLE `dining_method_table` ENABLE KEYS */;
UNLOCK TABLES;

--
-- Table structure for table `food_table`
--

DROP TABLE IF EXISTS `food_table`;
/*!40101 SET @saved_cs_client     = @@character_set_client */;
/*!50503 SET character_set_client = utf8mb4 */;
CREATE TABLE `food_table` (
  `store_id` varchar(8) NOT NULL,
  `food_id` varchar(8) NOT NULL,
  `food_name` varchar(45) NOT NULL,
  `food_price` decimal(8,2) NOT NULL,
  `food_description` longtext,
  `food_image_path` text,
  PRIMARY KEY (`store_id`,`food_id`),
  KEY `idx_food_table_food_id` (`store_id`,`food_id`,`food_price`),
  CONSTRAINT `store_id` FOREIGN KEY (`store_id`) REFERENCES `store_table` (`store_id`) ON UPDATE CASCADE
) ENGINE=InnoDB DEFAULT CHARSET=utf8mb4 COLLATE=utf8mb4_0900_ai_ci;
/*!40101 SET character_set_client = @saved_cs_client */;

--
-- Dumping data for table `food_table`
--

LOCK TABLES `food_table` WRITE;
/*!40000 ALTER TABLE `food_table` DISABLE KEYS */;
INSERT INTO `food_table` VALUES ('BBQ','Q001','Chicken',12.50,'Delicious BBQ chicken','/doremi_food_system/store_image/BBQ/Q001.jpg'),('BBQ','Q002','Ribs',18.75,'Tender and juicy BBQ ribs','/doremi_food_system/store_image/BBQ/Q002.jpg'),('BBQ','Q003','Pork Belly',15.00,'Crispy and flavorful pork belly','/doremi_food_system/store_image/BBQ/Q003.jpg'),('BBQ','Q004','Beef Skewers',9.99,'Tasty beef skewers','/doremi_food_system/store_image/BBQ/Q004.jpg'),('BBQ','Q005','Sausages',8.50,'Savory BBQ sausages','/doremi_food_system/store_image/BBQ/Q005.jpg'),('BBQ','Q006','Corn',5.25,'Grilled corn on the cob',NULL),('BBQ','Q007','Shrimp',14.99,'Grilled shrimp with a hint of spice',NULL),('BBQ','Q008','Wings',11.50,'Spicy BBQ chicken wings',NULL),('BBQ','Q009','Brisket',19.99,'Tender and smoky beef brisket',NULL),('BBQ','Q010','Pulled Pork',13.75,'Slow-cooked pulled pork',NULL),('BBQ','Q011','Tofu',7.50,'Grilled tofu with BBQ glaze',NULL),('BBQ','Q012','Veg Skewers',10.25,'Grilled vegetable skewers',NULL),('BBQ','Q013','Salmon',22.50,'Grilled salmon with BBQ sauce',NULL),('BBQ','Q014','Lamb Chops',24.99,'Tender and succulent lamb chops',NULL),('BBQ','Q015','Portobello Mush',9.75,'Grilled portobello mushroom with BBQ marinade',NULL),('BBQ','Q016','Shish Kebabs',11.99,'Grilled skewers with a variety of meats and vegetables',NULL),('BBQ','Q017','Chicken Wings',9.50,'Crispy and tangy BBQ chicken wings',NULL),('BBQ','Q018','Beef Brisket',16.99,'Slow-smoked beef brisket with a smoky flavor',NULL),('BBQ','Q019','Grilled Veggies',7.25,'Assorted grilled vegetables with a BBQ glaze',NULL),('BBQ','Q020','Spare Ribs',20.50,'Tender and succulent BBQ spare ribs with a tangy sauce',NULL),('BOBA','B001','Bubble Tea',6.50,'Refreshing tea with chewy tapioca pearls','/doremi_food_system/store_image/BOBA/B001.png'),('BOBA','B002','Matcha Latte',5.99,'Creamy and frothy green tea latte','/doremi_food_system/store_image/BOBA/B002.jpg'),('BOBA','B003','Taro Milk Tea',6.50,'Smooth and creamy taro-flavored milk tea','/doremi_food_system/store_image/BOBA/B003.jpg'),('BOBA','B004','Mango Smoothie',5.75,'Refreshing and tropical mango smoothie','/doremi_food_system/store_image/BOBA/B004.jpg'),('BOBA','B005','Strawberry Lemonade',4.99,'Tangy and refreshing strawberry-flavored lemonade','/doremi_food_system/store_image/BOBA/B005.jpg'),('BOBA','B111','BOBA',11.00,'BOBA',''),('BOBA','F001','Taiwanese Fried Chicken',8.99,'Crispy and flavorful fried chicken',NULL),('BOBA','F002','Fried Dumplings',5.25,'Delicious dumplings with a crispy exterior',NULL),('BOBA','F003','Mochi Ice Cream',3.75,'Soft and chewy rice cake filled with ice cream',NULL),('BOBA','F004','Boba Waffles',7.50,'Waffles topped with boba pearls and syrup',NULL),('BOBA','F005','Pineapple Bun',4.25,'Sweet and fluffy bun with a pineapple crust',NULL),('BOBA','F006','Egg Puffs',4.99,'Light and airy egg-shaped pastries',NULL),('BOBA','F007','Red Bean Soup',4.50,'Traditional sweet red bean soup',NULL),('BOBA','F008','Crispy Calamari',9.99,'Golden and crispy calamari rings',NULL),('BOBA','F009','Fruit Salad',6.25,'Fresh assortment of seasonal fruits',NULL),('BOBA','F010','Cheese Fries',5.50,'Crispy fries topped with melted cheese',NULL),('BOBA','F011','Honey Toast',8.75,'Thick toast drizzled with honey and served with toppings',NULL),('BOBA','F012','Fish Balls',4.25,'Bouncy and flavorful fish balls',NULL),('BOBA','F013','Sesame Balls',3.99,'Deep-fried glutinous rice balls filled with sweet sesame paste',NULL),('BOBA','F014','Milk Pudding',4.50,'Smooth and creamy milk-based pudding',NULL),('BOBA','F015','Sesame Tofu',10.00,'Silky and nutty-flavored sesame tofu','null'),('KPT','K001','Chicken Rice',8.50,'Steamed or roasted chicken served with fragrant rice','/doremi_food_system/store_image/KPT/K001.jpg'),('KPT','K002','Roti Canai',2.50,'Flaky and crispy Indian flatbread served with curry sauce','/doremi_food_system/store_image/KPT/K002.png'),('KPT','K003','Nasi Lemak',6.00,'Fragrant coconut rice served with sambal, fried chicken, and condiments','/doremi_food_system/store_image/KPT/K003.jpg'),('KPT','K004','Char Kway Teow',7.75,'Stir-fried flat rice noodles with soy sauce, shrimp, and cockles','/doremi_food_system/store_image/KPT/K004.jpg'),('KPT','K005','Satay',1.50,'Grilled skewered meat served with peanut sauce','/doremi_food_system/store_image/KPT/K005.jpg'),('KPT','K006','Hokkien Mee',9.25,'Stir-fried noodles with prawns, pork, and a flavorful dark sauce',NULL),('KPT','K007','Laksa',5.99,'Spicy and creamy noodle soup with coconut milk and seafood',NULL),('KPT','K008','Nasi Goreng',6.50,'Fried rice with a mix of vegetables, meat, and shrimp paste',NULL),('KPT','K009','Curry Mee',7.25,'Spicy soup noodles with coconut milk and a variety of toppings',NULL),('KPT','K010','Mee Goreng Mamak',6.75,'Spicy fried noodles with a tangy tomato-based sauce',NULL),('KPT','K011','Bak Kut Teh',9.50,'Pork rib soup infused with herbs and spices',NULL),('KPT','K012','Cendol',3.25,'Chilled dessert with green jelly, coconut milk, and palm sugar syrup',NULL),('KPT','K013','Rojak',4.50,'Mixed fruit and vegetable salad with a spicy and tangy dressing',NULL),('KPT','K014','Prawn Mee',8.99,'Rich and flavorful soup noodles with prawns and pork',NULL),('KPT','K015','Mee Rebus',5.75,'Egg noodles in a thick and spicy gravy, topped with bean sprouts and lime',NULL),('KPT','K016','Kaya Toast',3.99,'Toasted bread spread with coconut jam and served with soft-boiled eggs',NULL),('KPT','K017','Yong Tau Foo',7.50,'Assorted stuffed tofu and vegetables served in a clear broth',NULL),('KPT','K018','Fish Head Curry',12.99,'Spicy and tangy curry with a whole fish head and vegetables',NULL),('KPT','K019','Chee Cheong Fun',4.25,'Steamed rice noodle rolls served with sweet sauce and sesame',NULL),('KPT','K020','Mee Siam',6.25,'Spicy and tangy vermicelli noodles with a flavorful gravy',NULL),('SS','S001','Sushi Platter',25.99,'Assortment of fresh sushi rolls and sashimi','/doremi_food_system/store_image/SS/S001.jpg'),('SS','S002','Tempura',12.50,'Lightly battered and deep-fried seafood and vegetables','/doremi_food_system/store_image/SS/S002.jpg'),('SS','S003','Ramen',10.99,'Hearty noodle soup with savory broth and various toppings','/doremi_food_system/store_image/SS/S003.jpg'),('SS','S004','Gyoza',7.25,'Pan-fried dumplings filled with seasoned ground meat and vegetables','/doremi_food_system/store_image/SS/S004.jpg'),('SS','S005','Teriyaki Chicken',9.50,'Grilled chicken glazed with sweet and savory teriyaki sauce','/doremi_food_system/store_image/SS/S005.jpg'),('SS','S006','Udon',11.75,'Thick wheat noodles served in a flavorful broth with toppings',NULL),('SS','S007','Miso Soup',3.50,'Traditional Japanese soup made with fermented soybean paste',NULL),('SS','S008','Yakitori',8.99,'Grilled skewered chicken and vegetables with a savory glaze',NULL),('SS','S009','Sashimi',18.99,'Fresh slices of raw fish or seafood',NULL),('SS','S010','Chirashi Bowl',22.50,'Assortment of sashimi and other ingredients over a bed of sushi rice',NULL),('SS','S011','Takoyaki',6.75,'Octopus-filled batter balls topped with sauce and bonito flakes',NULL),('SS','S012','Soba',9.25,'Thin buckwheat noodles served hot or cold with dipping sauce',NULL),('SS','S013','Unagi Don',15.99,'Grilled freshwater eel served over a bowl of rice',NULL),('SS','S014','Matcha Ice Cream',4.50,'Creamy and flavorful ice cream made with powdered green tea',NULL),('SS','S015','Seaweed Salad',5.25,'Refreshing salad made with assorted seaweed and sesame dressing',NULL),('SS','S016','Yakisoba',10.50,'Stir-fried noodles with vegetables and choice of meat or seafood',NULL),('SS','S017','Tonkatsu',11.75,'Breaded and deep-fried pork cutlet served with a tangy sauce',NULL),('SS','S018','Miso Black Cod',19.99,'Grilled black cod marinated in a sweet miso glaze',NULL),('SS','S019','Japanese Curry',8.99,'Rich and flavorful curry with vegetables and choice of meat',NULL),('SS','S020','Okonomiyaki',9.75,'Savory pancake filled with cabbage, meat, and other toppings',NULL),('TAT','T001','Coca-Cola',2.50,'Classic carbonated soft drink','/doremi_food_system/store_image/TAT/T001.jpg'),('TAT','T002','Pepsi',2.50,'Refreshing cola beverage','/doremi_food_system/store_image/TAT/T002.jpg'),('TAT','T003','Sprite',2.50,'Lemon-lime flavored carbonated drink','/doremi_food_system/store_image/TAT/T003.jpg'),('TAT','T004','Mountain Dew',2.50,'Citrus-flavored carbonated soda','/doremi_food_system/store_image/TAT/T004.jpg'),('TAT','T005','Lipton Green Tea',3.50,'Brewed green tea','/doremi_food_system/store_image/TAT/T005.jpg'),('TAT','T006','Lipton Black Tea',3.50,'Brewed black tea',NULL),('TAT','T007','Mango Smoothie',5.00,'Refreshing mango fruit smoothie',NULL),('TAT','T008','Strawberry Milkshake',5.00,'Creamy strawberry-flavored milkshake',NULL),('TAT','T009','Vanilla Ice Cream',4.00,'Creamy vanilla-flavored ice cream',NULL),('TAT','T010','Chocolate Brownie',4.50,'Rich chocolate brownie with walnuts',NULL),('TAT','T011','Fanta',2.50,'Fruit-flavored carbonated soft drink',NULL),('TAT','T012','7UP',2.50,'Lemon-lime flavored carbonated beverage',NULL),('TAT','T013','Teh Tarik',3.50,'Traditional Malaysian pulled tea',NULL),('TAT','T014','Milo Dinosaur',4.50,'Malaysian favorite: Milo drink with extra Milo powder',NULL),('TAT','T015','Honey Lemon Tea',3.50,'Tea infused with honey and lemon',NULL),('TAT','T016','Matcha Latte',5.50,'Creamy Japanese green tea latte',NULL),('TAT','T017','Coffee Jelly',4.50,'Coffee-flavored jelly dessert',NULL),('TAT','T018','Oreo Milkshake',5.50,'Delicious milkshake with Oreo cookie bits',NULL),('TAT','T019','Strawberry Yogurt Smoothie',5.50,'Creamy yogurt smoothie with fresh strawberries',NULL),('TAT','T020','Mango Sticky Rice',6.50,'Thai dessert: sweet mango served with sticky rice',NULL),('TAT','T021','Red Bean Ice',4.00,'Shaved ice dessert with sweet red beans',NULL),('TAT','T022','Lychee Green Tea',4.00,'Refreshing green tea infused with lychee flavor',NULL),('TAT','T023','Grape Soda',2.50,'Fizzy grape-flavored soda',NULL),('TAT','T024','Watermelon Slush',5.00,'Chilled watermelon slushy',NULL),('TAT','T025','Hokkaido Milk Tea',4.50,'Creamy milk tea from Hokkaido, Japan',NULL),('TAT','T026','Cookies and Cream Ice Cream',4.50,'Rich ice cream with cookie crumbles',NULL),('TAT','T027','Lemonade',3.00,'Refreshing lemon-flavored drink',NULL),('TAT','T028','Mint Mojito',5.50,'Cool and refreshing mint-infused mocktail',NULL),('TAT','T029','Mango Pudding',3.50,'Smooth and creamy mango-flavored pudding',NULL),('TAT','T030','Chocolate Milk',3.00,'Cold and creamy chocolate-flavored milk',NULL),('WEST','W001','Steak',28.99,'Juicy and tender grilled steak served with side dishes','/doremi_food_system/store_image/WEST/W001.jpg'),('WEST','W002','Burger',10.50,'Classic beef patty burger with cheese and toppings','/doremi_food_system/store_image/WEST/W002.jpg'),('WEST','W003','Caesar Salad',8.25,'Crisp romaine lettuce with Parmesan cheese and Caesar dressing','/doremi_food_system/store_image/WEST/W003.jpg'),('WEST','W004','Fish and Chips',13.75,'Battered and deep-fried fish fillets with crispy fries','/doremi_food_system/store_image/WEST/W004.jpg'),('WEST','W005','Grilled Chicken',12.99,'Grilled chicken breast with a choice of sauce and side dishes','/doremi_food_system/store_image/WEST/W005.jpg'),('WEST','W006','Pasta Carbonara',11.50,'Creamy pasta dish with bacon, eggs, and Parmesan cheese',NULL),('WEST','W007','Mushroom Soup',4.99,'Creamy and flavorful soup made with fresh mushrooms',NULL),('WEST','W008','BBQ Ribs',16.99,'Tender and smoky barbecue ribs served with barbecue sauce',NULL),('WEST','W009','Chicken Caesar Wrap',9.75,'Grilled chicken, lettuce, and Caesar dressing wrapped in a tortilla',NULL),('WEST','W010','Grilled Salmon',18.50,'Fresh salmon fillet grilled to perfection with a choice of sauce',NULL),('WEST','W011','Roast Beef',14.99,'Slow-roasted beef served with gravy and side dishes',NULL),('WEST','W012','Caprese Salad',7.50,'Fresh tomato, mozzarella, and basil salad with balsamic glaze',NULL),('WEST','W013','Chicken Parmesan',13.25,'Breaded chicken breast topped with marinara sauce and melted cheese',NULL),('WEST','W014','Garlic Bread',3.50,'Toasted bread with garlic butter and herbs',NULL),('WEST','W015','Club Sandwich',9.99,'Triple-decker sandwich with turkey, bacon, lettuce, and tomato',NULL),('WEST','W016','Lobster Bisque',11.75,'Creamy and rich soup made with lobster and aromatic spices',NULL),('WEST','W017','Beef Stroganoff',15.99,'Tender beef strips in a creamy mushroom sauce served over pasta',NULL),('WEST','W018','Chicken Quesadilla',8.99,'Grilled tortilla filled with seasoned chicken and melted cheese',NULL),('WEST','W019','Grilled Vegetables',9.25,'Assortment of grilled vegetables seasoned with herbs and olive oil',NULL),('WEST','W020','Key Lime Pie',6.50,'Tangy and refreshing pie made with key lime juice and graham cracker crust',NULL);
/*!40000 ALTER TABLE `food_table` ENABLE KEYS */;
UNLOCK TABLES;

--
-- Table structure for table `order_details_table`
--

DROP TABLE IF EXISTS `order_details_table`;
/*!40101 SET @saved_cs_client     = @@character_set_client */;
/*!50503 SET character_set_client = utf8mb4 */;
CREATE TABLE `order_details_table` (
  `order_id` varchar(10) NOT NULL,
  `store_id` varchar(8) NOT NULL,
  `food_id` varchar(8) NOT NULL,
  `food_price` decimal(8,2) NOT NULL,
  `ordered_food_quantity` int NOT NULL,
  `ordered_food_amount` decimal(8,2) NOT NULL,
  `ordered_food_status` tinyint(1) NOT NULL,
  PRIMARY KEY (`order_id`,`store_id`,`food_id`),
  KEY `fk_order_details_store_id_idx` (`store_id`,`food_id`,`food_price`),
  CONSTRAINT `fk_store_food_price` FOREIGN KEY (`store_id`, `food_id`, `food_price`) REFERENCES `food_table` (`store_id`, `food_id`, `food_price`) ON UPDATE CASCADE,
  CONSTRAINT `order_id` FOREIGN KEY (`order_id`) REFERENCES `order_table` (`order_id`) ON UPDATE CASCADE
) ENGINE=InnoDB DEFAULT CHARSET=utf8mb4 COLLATE=utf8mb4_0900_ai_ci;
/*!40101 SET character_set_client = @saved_cs_client */;

--
-- Dumping data for table `order_details_table`
--

LOCK TABLES `order_details_table` WRITE;
/*!40000 ALTER TABLE `order_details_table` DISABLE KEYS */;
INSERT INTO `order_details_table` VALUES ('Z1','SS','S002',12.50,1,12.50,1),('Z1','TAT','T001',2.50,1,2.50,1),('Z10','BOBA','B001',6.50,1,6.50,1),('Z10','BOBA','F011',8.75,1,8.75,1),('Z100','SS','S001',25.99,1,25.99,1),('Z101','KPT','K005',1.50,1,1.50,1),('Z102','BBQ','Q002',18.75,1,18.75,1),('Z102','BBQ','Q004',9.99,1,9.99,1),('Z103','BOBA','B005',4.99,1,4.99,1),('Z103','KPT','K009',7.25,1,7.25,1),('Z104','SS','S020',9.75,1,9.75,1),('Z104','TAT','T028',5.50,1,5.50,1),('Z105','SS','S002',12.50,1,12.50,1),('Z105','SS','S015',5.25,1,5.25,1),('Z106','BOBA','B001',6.50,1,6.50,1),('Z106','SS','S019',8.99,2,17.98,1),('Z106','TAT','T022',4.00,1,4.00,1),('Z107','KPT','K017',7.50,1,7.50,1),('Z108','BOBA','B002',5.99,1,5.99,1),('Z108','BOBA','F012',4.25,1,4.25,1),('Z108','BOBA','F013',3.99,1,3.99,1),('Z109','KPT','K004',7.75,1,7.75,1),('Z11','KPT','K020',6.25,1,6.25,1),('Z11','TAT','T014',4.50,1,4.50,1),('Z11','TAT','T026',4.50,1,4.50,1),('Z110','BOBA','B001',6.50,1,6.50,1),('Z110','WEST','W006',11.50,1,11.50,1),('Z111','BOBA','B004',5.75,1,5.75,1),('Z111','KPT','K010',6.75,1,6.75,1),('Z112','SS','S010',22.50,1,22.50,1),('Z113','SS','S008',8.99,1,8.99,1),('Z113','TAT','T011',2.50,1,2.50,1),('Z114','BBQ','Q009',19.99,1,19.99,1),('Z115','WEST','W014',3.50,1,3.50,1),('Z115','WEST','W015',9.99,1,9.99,1),('Z116','SS','S003',10.99,1,10.99,1),('Z116','WEST','W018',8.99,1,8.99,1),('Z116','WEST','W019',9.25,1,9.25,1),('Z117','BOBA','B001',6.50,2,13.00,1),('Z118','KPT','K014',8.99,1,8.99,1),('Z118','TAT','T003',2.50,1,2.50,1),('Z119','BBQ','Q017',9.50,1,9.50,1),('Z119','KPT','K011',9.50,1,9.50,1),('Z12','BBQ','Q009',19.99,1,19.99,1),('Z12','TAT','T012',2.50,2,5.00,1),('Z120','BOBA','B003',6.50,1,6.50,1),('Z120','SS','S002',12.50,1,12.50,1),('Z121','SS','S003',10.99,1,10.99,1),('Z121','TAT','T003',2.50,1,2.50,1),('Z122','BOBA','F010',5.50,1,5.50,1),('Z122','KPT','K016',3.99,2,7.98,1),('Z123','SS','S012',9.25,1,9.25,1),('Z123','SS','S014',4.50,1,4.50,1),('Z124','BBQ','Q008',11.50,1,11.50,1),('Z124','BBQ','Q017',9.50,1,9.50,1),('Z125','KPT','K002',2.50,2,5.00,1),('Z125','TAT','T013',3.50,1,3.50,1),('Z126','KPT','K013',4.50,1,4.50,1),('Z126','SS','S002',12.50,1,12.50,1),('Z127','BOBA','B001',6.50,1,6.50,1),('Z127','WEST','W003',8.25,1,8.25,1),('Z127','WEST','W004',13.75,1,13.75,1),('Z128','TAT','T005',3.50,1,3.50,1),('Z128','WEST','W011',14.99,1,14.99,1),('Z129','SS','S015',5.25,1,5.25,1),('Z129','WEST','W018',8.99,1,8.99,1),('Z13','BOBA','B003',6.50,1,6.50,1),('Z13','KPT','K003',6.00,1,6.00,1),('Z130','BOBA','F008',9.99,1,9.99,1),('Z131','BOBA','B001',6.50,10,65.00,1),('Z132','KPT','K011',9.50,1,9.50,1),('Z133','SS','S005',9.50,1,9.50,1),('Z133','SS','S007',3.50,1,3.50,1),('Z133','TAT','T003',2.50,1,2.50,1),('Z134','BOBA','B005',4.99,1,4.99,1),('Z134','KPT','K015',5.75,1,5.75,1),('Z135','BBQ','Q019',7.25,1,7.25,1),('Z135','BBQ','Q020',20.50,1,20.50,1),('Z136','WEST','W015',9.99,1,9.99,1),('Z136','WEST','W016',11.75,1,11.75,1),('Z137','KPT','K015',5.75,1,5.75,1),('Z137','KPT','K016',3.99,1,3.99,1),('Z138','KPT','K018',12.99,1,12.99,1),('Z139','BBQ','Q007',14.99,1,14.99,1),('Z14','BBQ','Q007',14.99,1,14.99,1),('Z14','BBQ','Q012',10.25,1,10.25,1),('Z140','BOBA','B003',6.50,1,6.50,1),('Z140','KPT','K006',9.25,1,9.25,1),('Z141','SS','S002',12.50,1,12.50,1),('Z141','TAT','T006',3.50,1,3.50,1),('Z142','KPT','K003',6.00,1,6.00,1),('Z143','TAT','T007',5.00,1,5.00,1),('Z144','TAT','T015',3.50,1,3.50,1),('Z144','WEST','W009',9.75,1,9.75,1),('Z145','WEST','W004',13.75,1,13.75,1),('Z146','KPT','K019',4.25,1,4.25,1),('Z146','KPT','K020',6.25,1,6.25,1),('Z146','SS','S012',9.25,1,9.25,1),('Z147','BOBA','F003',3.75,4,15.00,1),('Z148','BOBA','B002',5.99,1,5.99,1),('Z148','WEST','W003',8.25,1,8.25,1),('Z149','BOBA','F008',9.99,1,9.99,1),('Z15','KPT','K005',1.50,10,15.00,1),('Z15','KPT','K007',5.99,1,5.99,1),('Z15','KPT','K013',4.50,1,4.50,1),('Z150','BBQ','Q006',5.25,1,5.25,1),('Z150','SS','S012',9.25,1,9.25,1),('Z151','SS','S011',6.75,1,6.75,1),('Z151','TAT','T010',4.50,1,4.50,1),('Z152','TAT','T008',5.00,1,5.00,1),('Z152','TAT','T010',4.50,1,4.50,1),('Z153','BOBA','B003',6.50,1,6.50,1),('Z153','KPT','K008',6.50,1,6.50,1),('Z154','BOBA','F001',8.99,1,8.99,1),('Z154','TAT','T003',2.50,2,5.00,1),('Z155','BOBA','F007',4.50,2,9.00,1),('Z156','WEST','W002',10.50,1,10.50,1),('Z156','WEST','W014',3.50,1,3.50,1),('Z157','KPT','K004',7.75,1,7.75,1),('Z158','BBQ','Q003',15.00,1,15.00,1),('Z159','SS','S010',22.50,1,22.50,1),('Z16','BOBA','B002',5.99,1,5.99,1),('Z16','KPT','K015',5.75,1,5.75,1),('Z160','BOBA','F002',5.25,1,5.25,1),('Z160','SS','S013',15.99,1,15.99,1),('Z161','BOBA','B004',5.75,1,5.75,1),('Z161','SS','S001',25.99,1,25.99,1),('Z162','BBQ','Q005',8.50,1,8.50,1),('Z162','SS','S016',10.50,1,10.50,1),('Z163','WEST','W008',16.99,1,16.99,1),('Z164','BOBA','F009',6.25,1,6.25,1),('Z164','SS','S009',18.99,1,18.99,1),('Z165','TAT','T012',2.50,1,2.50,1),('Z165','WEST','W017',15.99,1,15.99,1),('Z166','KPT','K008',6.50,1,6.50,1),('Z166','TAT','T025',4.50,1,4.50,1),('Z167','BBQ','Q010',13.75,1,13.75,1),('Z168','BOBA','B001',6.50,1,6.50,1),('Z168','KPT','K005',1.50,20,30.00,1),('Z169','TAT','T023',2.50,1,2.50,1),('Z169','WEST','W010',18.50,1,18.50,1),('Z17','BBQ','Q014',24.99,1,24.99,1),('Z170','TAT','T016',5.50,1,5.50,1),('Z170','WEST','W017',15.99,1,15.99,1),('Z171','BBQ','Q011',7.50,1,7.50,1),('Z171','BOBA','F003',3.75,1,3.75,1),('Z172','KPT','K009',7.25,1,7.25,1),('Z173','SS','S012',9.25,1,9.25,1),('Z173','TAT','T018',5.50,1,5.50,1),('Z174','BBQ','Q020',20.50,1,20.50,1),('Z174','BOBA','B003',6.50,1,6.50,1),('Z175','KPT','K010',6.75,1,6.75,1),('Z176','SS','S003',10.99,1,10.99,1),('Z177','SS','S003',10.99,1,10.99,1),('Z177','SS','S004',7.25,1,7.25,1),('Z178','TAT','T004',2.50,1,2.50,1),('Z178','WEST','W004',13.75,1,13.75,1),('Z179','BBQ','Q002',18.75,1,18.75,1),('Z179','BBQ','Q010',13.75,1,13.75,1),('Z18','BBQ','Q010',13.75,1,13.75,1),('Z180','KPT','K007',5.99,1,5.99,1),('Z181','TAT','T003',2.50,4,10.00,1),('Z182','BOBA','F003',3.75,1,3.75,1),('Z182','BOBA','F006',4.99,1,4.99,1),('Z183','BBQ','Q007',14.99,1,14.99,1),('Z183','BBQ','Q012',10.25,1,10.25,1),('Z184','KPT','K013',4.50,1,4.50,1),('Z184','SS','S020',9.75,1,9.75,1),('Z185','KPT','K008',6.50,1,6.50,1),('Z186','KPT','K006',9.25,1,9.25,1),('Z187','KPT','K008',6.50,1,6.50,1),('Z187','WEST','W007',4.99,1,4.99,1),('Z188','KPT','K003',6.00,1,6.00,1),('Z188','TAT','T003',2.50,1,2.50,1),('Z189','BOBA','F008',9.99,1,9.99,1),('Z189','KPT','K018',12.99,1,12.99,1),('Z19','KPT','K004',7.75,1,7.75,1),('Z19','KPT','K007',5.99,1,5.99,1),('Z190','SS','S009',18.99,1,18.99,1),('Z191','BOBA','F007',4.50,1,4.50,1),('Z191','KPT','K010',6.75,1,6.75,1),('Z192','BBQ','Q009',19.99,1,19.99,1),('Z192','BBQ','Q016',11.99,1,11.99,1),('Z192','BBQ','Q017',9.50,1,9.50,1),('Z193','BOBA','F001',8.99,1,8.99,1),('Z193','BOBA','F003',3.75,1,3.75,1),('Z194','TAT','T027',3.00,1,3.00,1),('Z194','WEST','W018',8.99,1,8.99,1),('Z195','BOBA','B003',6.50,1,6.50,1),('Z196','KPT','K012',3.25,1,3.25,1),('Z196','KPT','K013',4.50,1,4.50,1),('Z197','SS','S017',11.75,1,11.75,1),('Z197','TAT','T017',4.50,1,4.50,1),('Z198','KPT','K010',6.75,1,6.75,1),('Z199','BOBA','B002',5.99,1,5.99,1),('Z199','WEST','W005',12.99,1,12.99,1),('Z199','WEST','W011',14.99,1,14.99,1),('Z2','KPT','K001',8.50,1,8.50,1),('Z2','TAT','T004',2.50,1,2.50,1),('Z20','BBQ','Q010',13.75,1,13.75,1),('Z20','TAT','T011',2.50,1,2.50,1),('Z200','BOBA','B003',6.50,1,6.50,1),('Z200','BOBA','F001',8.99,1,8.99,1),('Z200','BOBA','F002',5.25,1,5.25,1),('Z201','SS','S008',8.99,1,8.99,1),('Z201','SS','S011',6.75,1,6.75,1),('Z201','TAT','T001',2.50,1,2.50,1),('Z202','BBQ','Q004',9.99,1,9.99,1),('Z202','SS','S009',18.99,1,18.99,1),('Z202','TAT','T001',2.50,1,2.50,1),('Z203','TAT','T001',2.50,5,12.50,1),('Z204','SS','S018',19.99,1,19.99,1),('Z205','BOBA','B001',6.50,1,6.50,1),('Z205','KPT','K018',12.99,1,12.99,1),('Z206','KPT','K014',8.99,1,8.99,1),('Z206','TAT','T029',3.50,1,3.50,1),('Z207','KPT','K001',8.50,1,8.50,1),('Z208','KPT','K002',2.50,2,5.00,1),('Z208','KPT','K005',1.50,5,7.50,1),('Z209','SS','S017',11.75,1,11.75,1),('Z209','TAT','T030',3.00,1,3.00,1),('Z21','KPT','K003',6.00,1,6.00,1),('Z210','KPT','K018',12.99,1,12.99,1),('Z210','SS','S015',5.25,1,5.25,1),('Z211','BBQ','Q004',9.99,1,9.99,1),('Z211','BOBA','B003',6.50,1,6.50,1),('Z212','KPT','K017',7.50,1,7.50,1),('Z212','TAT','T003',2.50,1,2.50,1),('Z213','BOBA','B001',6.50,1,6.50,1),('Z213','SS','S010',22.50,1,22.50,1),('Z214','BBQ','Q001',12.50,1,12.50,1),('Z214','BBQ','Q016',11.99,1,11.99,1),('Z214','SS','S017',11.75,1,11.75,1),('Z215','TAT','T002',2.50,1,2.50,1),('Z215','WEST','W013',13.25,1,13.25,1),('Z216','BBQ','Q007',14.99,1,14.99,1),('Z216','KPT','K016',3.99,1,3.99,1),('Z217','SS','S003',10.99,1,10.99,1),('Z218','BOBA','F011',8.75,1,8.75,1),('Z218','TAT','T016',5.50,1,5.50,1),('Z219','KPT','K009',7.25,1,7.25,1),('Z22','KPT','K002',2.50,2,5.00,1),('Z22','TAT','T013',3.50,1,3.50,1),('Z220','BOBA','F003',3.75,3,11.25,1),('Z221','KPT','K004',7.75,1,7.75,1),('Z222','SS','S003',10.99,1,10.99,1),('Z223','BOBA','B004',5.75,1,5.75,1),('Z223','SS','S008',8.99,1,8.99,1),('Z224','KPT','K002',2.50,3,7.50,1),('Z225','SS','S017',11.75,1,11.75,1),('Z226','BBQ','Q003',15.00,1,15.00,1),('Z227','BOBA','F008',9.99,1,9.99,1),('Z227','TAT','T028',5.50,1,5.50,1),('Z228','SS','S011',6.75,1,6.75,1),('Z228','WEST','W016',11.75,1,11.75,1),('Z229','BBQ','Q014',24.99,1,24.99,1),('Z23','KPT','K009',7.25,1,7.25,1),('Z23','SS','S005',9.50,1,9.50,1),('Z230','KPT','K007',5.99,1,5.99,1),('Z230','TAT','T004',2.50,1,2.50,1),('Z231','BBQ','Q003',15.00,1,15.00,1),('Z231','BBQ','Q004',9.99,1,9.99,1),('Z232','BOBA','B005',4.99,1,4.99,1),('Z232','SS','S017',11.75,1,11.75,1),('Z233','BOBA','B002',5.99,1,5.99,1),('Z233','WEST','W005',12.99,1,12.99,1),('Z234','TAT','T003',2.50,1,2.50,1),('Z234','WEST','W017',15.99,1,15.99,1),('Z235','KPT','K003',6.00,1,6.00,1),('Z236','SS','S013',15.99,1,15.99,1),('Z236','TAT','T017',4.50,1,4.50,1),('Z237','SS','S007',3.50,1,3.50,1),('Z237','SS','S018',19.99,1,19.99,1),('Z238','BBQ','Q016',11.99,1,11.99,1),('Z238','BBQ','Q019',7.25,1,7.25,1),('Z239','BBQ','Q001',12.50,1,12.50,1),('Z239','SS','S014',4.50,1,4.50,1),('Z24','WEST','W005',12.99,1,12.99,1),('Z24','WEST','W014',3.50,1,3.50,1),('Z240','BBQ','Q003',15.00,1,15.00,1),('Z241','TAT','T014',4.50,1,4.50,1),('Z241','WEST','W018',8.99,1,8.99,1),('Z242','BBQ','Q018',16.99,1,16.99,1),('Z242','BOBA','F004',7.50,1,7.50,1),('Z243','KPT','K018',12.99,1,12.99,1),('Z243','TAT','T013',3.50,1,3.50,1),('Z244','BOBA','F014',4.50,1,4.50,1),('Z244','KPT','K015',5.75,1,5.75,1),('Z245','BBQ','Q014',24.99,1,24.99,1),('Z245','BOBA','F004',7.50,1,7.50,1),('Z246','KPT','K009',7.25,1,7.25,1),('Z246','SS','S013',15.99,1,15.99,1),('Z247','SS','S014',4.50,2,9.00,1),('Z248','TAT','T001',2.50,1,2.50,1),('Z248','WEST','W002',10.50,1,10.50,1),('Z249','BBQ','Q005',8.50,1,8.50,1),('Z249','BOBA','B002',5.99,1,5.99,1),('Z25','TAT','T030',3.00,1,3.00,1),('Z250','KPT','K002',2.50,5,12.50,1),('Z251','KPT','K003',6.00,1,6.00,1),('Z251','TAT','T001',2.50,1,2.50,1),('Z252','BBQ','Q002',18.75,1,18.75,1),('Z252','BBQ','Q005',8.50,1,8.50,1),('Z252','BBQ','Q009',19.99,1,19.99,1),('Z253','WEST','W013',13.25,1,13.25,1),('Z254','SS','S012',9.25,1,9.25,1),('Z254','TAT','T015',3.50,1,3.50,1),('Z255','KPT','K001',8.50,1,8.50,1),('Z255','KPT','K011',9.50,1,9.50,1),('Z256','KPT','K003',6.00,1,6.00,1),('Z256','SS','S002',12.50,1,12.50,1),('Z257','TAT','T002',2.50,1,2.50,1),('Z257','WEST','W002',10.50,1,10.50,1),('Z258','BOBA','F010',5.50,1,5.50,1),('Z258','KPT','K012',3.25,1,3.25,1),('Z259','BOBA','B001',6.50,1,6.50,1),('Z259','WEST','W015',9.99,1,9.99,1),('Z26','KPT','K004',7.75,1,7.75,1),('Z26','KPT','K005',1.50,5,7.50,1),('Z260','BBQ','Q002',18.75,1,18.75,1),('Z260','BOBA','B002',5.99,1,5.99,1),('Z261','TAT','T001',2.50,1,2.50,1),('Z261','WEST','W012',7.50,1,7.50,1),('Z262','TAT','T003',2.50,1,2.50,1),('Z262','WEST','W017',15.99,1,15.99,1),('Z263','BBQ','Q005',8.50,1,8.50,1),('Z263','BBQ','Q007',14.99,1,14.99,1),('Z263','BOBA','B005',4.99,1,4.99,1),('Z264','KPT','K007',5.99,1,5.99,1),('Z264','WEST','W016',11.75,1,11.75,1),('Z265','BBQ','Q001',12.50,1,12.50,1),('Z265','TAT','T028',5.50,1,5.50,1),('Z266','BOBA','B003',6.50,1,6.50,1),('Z266','SS','S004',7.25,1,7.25,1),('Z266','TAT','T004',2.50,1,2.50,1),('Z267','KPT','K011',9.50,1,9.50,1),('Z267','TAT','T012',2.50,1,2.50,1),('Z268','TAT','T019',5.50,1,5.50,1),('Z268','WEST','W020',6.50,1,6.50,1),('Z269','BOBA','B002',5.99,1,5.99,1),('Z269','BOBA','B004',5.75,1,5.75,1),('Z269','SS','S005',9.50,1,9.50,1),('Z27','BBQ','Q009',19.99,1,19.99,1),('Z27','BBQ','Q020',20.50,1,20.50,1),('Z270','SS','S012',9.25,2,18.50,1),('Z271','SS','S002',12.50,1,12.50,1),('Z272','BOBA','F010',5.50,1,5.50,1),('Z272','BOBA','F011',8.75,1,8.75,1),('Z272','KPT','K009',7.25,1,7.25,1),('Z273','BBQ','Q002',18.75,1,18.75,1),('Z273','TAT','T002',2.50,1,2.50,1),('Z274','BOBA','B004',5.75,1,5.75,1),('Z274','KPT','K013',4.50,1,4.50,1),('Z275','BBQ','Q013',22.50,1,22.50,1),('Z275','KPT','K020',6.25,1,6.25,1),('Z276','BOBA','F009',6.25,1,6.25,1),('Z276','KPT','K019',4.25,1,4.25,1),('Z277','BOBA','F010',5.50,1,5.50,1),('Z277','TAT','T013',3.50,1,3.50,1),('Z278','BOBA','F015',10.00,1,5.99,1),('Z278','KPT','K019',4.25,1,4.25,1),('Z279','SS','S016',10.50,1,10.50,1),('Z279','TAT','T001',2.50,1,2.50,1),('Z28','KPT','K013',4.50,1,4.50,1),('Z28','KPT','K014',8.99,1,8.99,1),('Z280','BOBA','B001',6.50,1,6.50,1),('Z280','SS','S011',6.75,1,6.75,1),('Z281','SS','S014',4.50,1,4.50,1),('Z281','TAT','T026',4.50,1,4.50,1),('Z282','SS','S014',4.50,5,22.50,1),('Z283','BOBA','F010',5.50,1,5.50,1),('Z283','WEST','W011',14.99,1,14.99,1),('Z284','SS','S017',11.75,1,11.75,1),('Z284','TAT','T023',2.50,1,2.50,1),('Z285','KPT','K015',5.75,1,5.75,1),('Z285','KPT','K016',3.99,1,3.99,1),('Z286','BOBA','F001',8.99,1,8.99,1),('Z286','TAT','T009',4.00,1,4.00,1),('Z287','BBQ','Q009',19.99,1,19.99,1),('Z288','KPT','K017',7.50,1,7.50,1),('Z288','TAT','T008',5.00,1,5.00,1),('Z289','SS','S003',10.99,1,10.99,1),('Z289','TAT','T001',2.50,1,2.50,1),('Z29','BOBA','B002',5.99,1,5.99,1),('Z29','BOBA','F006',4.99,2,9.98,1),('Z290','WEST','W017',15.99,1,15.99,1),('Z291','BOBA','F014',4.50,1,4.50,1),('Z291','KPT','K013',4.50,1,4.50,1),('Z292','BBQ','Q014',24.99,1,24.99,1),('Z293','TAT','T001',2.50,4,10.00,1),('Z293','WEST','W002',10.50,1,10.50,1),('Z293','WEST','W005',12.99,1,12.99,1),('Z294','BOBA','B001',6.50,1,6.50,1),('Z294','SS','S003',10.99,1,10.99,1),('Z294','SS','S004',7.25,1,7.25,1),('Z295','TAT','T006',3.50,1,3.50,1),('Z295','WEST','W009',9.75,1,9.75,1),('Z296','SS','S002',12.50,1,12.50,1),('Z296','TAT','T002',2.50,1,2.50,1),('Z297','BOBA','F003',3.75,2,7.50,1),('Z298','BBQ','Q004',9.99,1,9.99,1),('Z298','BBQ','Q005',8.50,1,8.50,1),('Z299','KPT','K013',4.50,1,4.50,1),('Z299','KPT','K014',8.99,1,8.99,1),('Z299','TAT','T023',2.50,1,2.50,1),('Z3','BOBA','B001',6.50,1,6.50,1),('Z3','BOBA','B002',5.99,1,5.99,1),('Z3','SS','S001',25.99,1,25.99,1),('Z3','SS','S006',11.75,1,11.75,1),('Z30','SS','S015',5.25,1,5.25,1),('Z30','SS','S016',10.50,1,10.50,1),('Z300','BBQ','Q016',11.99,1,11.99,1),('Z300','BBQ','Q020',20.50,1,20.50,1),('Z301','BOBA','B001',6.50,1,6.50,1),('Z301','KPT','K003',6.00,1,6.00,1),('Z302','BOBA','B003',6.50,1,6.50,1),('Z302','BOBA','B004',5.75,1,5.75,1),('Z302','SS','S012',9.25,1,9.25,1),('Z303','BBQ','Q006',5.25,1,5.25,1),('Z303','BBQ','Q009',19.99,1,19.99,1),('Z303','TAT','T016',5.50,1,5.50,1),('Z304','BBQ','Q019',7.25,1,7.25,1),('Z304','KPT','K013',4.50,1,4.50,1),('Z304','SS','S005',9.50,1,9.50,1),('Z304','SS','S009',18.99,1,18.99,1),('Z304','TAT','T005',3.50,1,3.50,1),('Z305','KPT','K006',9.25,1,9.25,1),('Z305','TAT','T023',2.50,1,2.50,1),('Z306','BOBA','F012',4.25,1,4.25,1),('Z306','BOBA','F013',3.99,1,3.99,1),('Z307','SS','S019',8.99,1,8.99,1),('Z307','TAT','T009',4.00,1,4.00,1),('Z308','WEST','W006',11.50,1,11.50,1),('Z308','WEST','W020',6.50,1,6.50,1),('Z309','SS','S008',8.99,1,8.99,1),('Z309','TAT','T010',4.50,1,4.50,1),('Z309','TAT','T011',2.50,1,2.50,1),('Z31','KPT','K011',9.50,1,9.50,1),('Z31','KPT','K019',4.25,1,4.25,1),('Z310','BBQ','Q015',9.75,1,9.75,1),('Z310','BOBA','B002',5.99,1,5.99,1),('Z311','BOBA','B002',5.99,3,17.97,1),('Z312','BOBA','B003',6.50,1,6.50,1),('Z32','KPT','K008',6.50,1,6.50,1),('Z33','KPT','K010',6.75,1,6.75,1),('Z34','WEST','W013',13.25,1,13.25,1),('Z34','WEST','W020',6.50,1,6.50,1),('Z35','BOBA','F001',8.99,1,8.99,1),('Z35','BOBA','F002',5.25,1,5.25,1),('Z35','BOBA','F007',4.50,1,4.50,1),('Z36','BOBA','B001',6.50,2,13.00,1),('Z36','KPT','K004',7.75,1,7.75,1),('Z37','BOBA','B001',6.50,6,39.00,1),('Z38','KPT','K009',7.25,1,7.25,1),('Z38','KPT','K013',4.50,1,4.50,1),('Z39','KPT','K018',12.99,1,12.99,1),('Z39','TAT','T014',4.50,1,4.50,1),('Z4','BOBA','B002',5.99,1,5.99,1),('Z4','WEST','W009',9.75,1,9.75,1),('Z40','BBQ','Q015',9.75,1,9.75,1),('Z40','TAT','T023',2.50,1,2.50,1),('Z41','KPT','K006',9.25,1,9.25,1),('Z41','TAT','T010',4.50,1,4.50,1),('Z42','BOBA','B001',6.50,1,6.50,1),('Z42','SS','S003',10.99,1,10.99,1),('Z43','SS','S009',18.99,1,18.99,1),('Z43','SS','S012',9.25,1,9.25,1),('Z44','KPT','K017',7.50,1,7.50,1),('Z45','WEST','W008',16.99,1,16.99,1),('Z46','BOBA','F005',4.25,1,4.25,1),('Z46','BOBA','F006',4.99,1,4.99,1),('Z46','BOBA','F007',4.50,1,4.50,1),('Z47','BOBA','B002',5.99,1,5.99,1),('Z47','SS','S010',22.50,1,22.50,1),('Z48','KPT','K002',2.50,1,2.50,1),('Z48','KPT','K005',1.50,10,15.00,1),('Z49','KPT','K004',7.75,1,7.75,1),('Z49','KPT','K007',5.99,1,5.99,1),('Z5','BBQ','Q003',15.00,1,15.00,1),('Z5','BBQ','Q017',9.50,1,9.50,1),('Z5','BBQ','Q019',7.25,1,7.25,1),('Z5','TAT','T027',3.00,5,15.00,1),('Z50','WEST','W006',11.50,1,11.50,1),('Z50','WEST','W007',4.99,1,4.99,1),('Z51','BOBA','B003',6.50,1,6.50,1),('Z52','SS','S009',18.99,1,18.99,1),('Z52','TAT','T001',2.50,1,2.50,1),('Z53','BOBA','B004',5.75,1,5.75,1),('Z53','KPT','K006',9.25,1,9.25,1),('Z54','KPT','K010',6.75,1,6.75,1),('Z55','BOBA','B001',6.50,1,6.50,1),('Z55','SS','S001',25.99,1,25.99,1),('Z56','KPT','K009',7.25,1,7.25,1),('Z57','TAT','T004',2.50,1,2.50,1),('Z57','WEST','W016',11.75,1,11.75,1),('Z58','BBQ','Q002',18.75,1,18.75,1),('Z58','BBQ','Q006',5.25,1,5.25,1),('Z58','TAT','T012',2.50,1,2.50,1),('Z59','BBQ','Q012',10.25,1,10.25,1),('Z6','BOBA','B003',6.50,1,6.50,1),('Z6','SS','S016',10.50,1,10.50,1),('Z60','SS','S003',10.99,1,10.99,1),('Z60','SS','S012',9.25,1,9.25,1),('Z61','BOBA','B004',5.75,1,5.75,1),('Z61','SS','S008',8.99,1,8.99,1),('Z62','BBQ','Q009',19.99,1,19.99,1),('Z63','KPT','K006',9.25,1,9.25,1),('Z64','BOBA','F003',3.75,5,18.75,1),('Z65','BOBA','B003',6.50,1,6.50,1),('Z65','BOBA','F010',5.50,1,5.50,1),('Z66','BBQ','Q007',14.99,1,14.99,1),('Z67','TAT','T006',3.50,2,7.00,1),('Z67','WEST','W011',14.99,1,14.99,1),('Z68','BOBA','B001',6.50,1,6.50,1),('Z68','KPT','K012',3.25,1,3.25,1),('Z68','KPT','K013',4.50,1,4.50,1),('Z69','BBQ','Q004',9.99,1,9.99,1),('Z69','BOBA','B004',5.75,1,5.75,1),('Z7','KPT','K002',2.50,4,10.00,1),('Z7','TAT','T027',3.00,1,3.00,1),('Z70','BBQ','Q004',9.99,1,9.99,1),('Z70','BBQ','Q008',11.50,1,11.50,1),('Z71','SS','S006',11.75,1,11.75,1),('Z71','SS','S007',3.50,1,3.50,1),('Z72','WEST','W004',13.75,1,13.75,1),('Z72','WEST','W018',8.99,1,8.99,1),('Z73','BOBA','B001',6.50,1,6.50,1),('Z73','BOBA','F013',3.99,1,3.99,1),('Z73','BOBA','F014',4.50,1,4.50,1),('Z74','KPT','K003',6.00,1,6.00,1),('Z74','KPT','K005',1.50,3,4.50,1),('Z75','BOBA','B004',5.75,1,5.75,1),('Z75','BOBA','B005',4.99,1,4.99,1),('Z76','SS','S001',25.99,1,25.99,1),('Z76','SS','S003',10.99,1,10.99,1),('Z77','BBQ','Q016',11.99,1,11.99,1),('Z78','KPT','K004',7.75,1,7.75,1),('Z79','KPT','K003',6.00,1,6.00,1),('Z79','KPT','K007',5.99,1,5.99,1),('Z8','BOBA','B003',6.50,1,6.50,1),('Z8','BOBA','F011',8.75,1,8.75,1),('Z8','WEST','W013',13.25,1,13.25,1),('Z8','WEST','W019',9.25,1,9.25,1),('Z80','KPT','K010',6.75,1,6.75,1),('Z81','KPT','K009',7.25,1,7.25,1),('Z81','TAT','T008',5.00,1,5.00,1),('Z82','SS','S008',8.99,1,8.99,1),('Z82','TAT','T013',3.50,1,3.50,1),('Z83','BOBA','B003',6.50,1,6.50,1),('Z83','BOBA','F001',8.99,1,8.99,1),('Z84','KPT','K008',6.50,1,6.50,1),('Z84','KPT','K013',4.50,1,4.50,1),('Z85','KPT','K011',9.50,1,9.50,1),('Z85','WEST','W020',6.50,1,6.50,1),('Z86','BOBA','B003',6.50,1,6.50,1),('Z87','BOBA','B001',6.50,1,6.50,1),('Z87','BOBA','B003',6.50,1,6.50,1),('Z87','KPT','K004',7.75,1,7.75,1),('Z87','KPT','K006',9.25,1,9.25,1),('Z88','BBQ','Q002',18.75,1,18.75,1),('Z88','BBQ','Q005',8.50,1,8.50,1),('Z88','BBQ','Q006',5.25,1,5.25,1),('Z89','BOBA','F010',5.50,1,5.50,1),('Z89','BOBA','F015',10.00,1,5.99,1),('Z9','SS','S010',22.50,1,22.50,1),('Z90','KPT','K008',6.50,1,6.50,1),('Z90','KPT','K012',3.25,1,3.25,1),('Z91','KPT','K003',6.00,1,6.00,1),('Z91','KPT','K004',7.75,1,7.75,1),('Z92','KPT','K003',6.00,1,6.00,1),('Z92','TAT','T001',2.50,1,2.50,1),('Z92','TAT','T003',2.50,1,2.50,1),('Z93','KPT','K002',2.50,1,2.50,1),('Z93','KPT','K005',1.50,5,7.50,1),('Z94','TAT','T006',3.50,1,3.50,1),('Z94','WEST','W011',14.99,1,14.99,1),('Z95','KPT','K007',5.99,1,5.99,1),('Z96','KPT','K008',6.50,1,6.50,1),('Z96','KPT','K009',7.25,1,7.25,1),('Z97','BBQ','Q009',19.99,1,19.99,1),('Z98','SS','S013',15.99,1,15.99,1),('Z99','BOBA','B002',5.99,1,5.99,1),('Z99','KPT','K015',5.75,1,5.75,1);
/*!40000 ALTER TABLE `order_details_table` ENABLE KEYS */;
UNLOCK TABLES;

--
-- Table structure for table `order_table`
--

DROP TABLE IF EXISTS `order_table`;
/*!40101 SET @saved_cs_client     = @@character_set_client */;
/*!50503 SET character_set_client = utf8mb4 */;
CREATE TABLE `order_table` (
  `order_id` varchar(10) NOT NULL,
  `sm_id` varchar(8) NOT NULL,
  `order_total` decimal(8,2) NOT NULL,
  `order_date_time` timestamp NOT NULL,
  `dining_method` varchar(8) NOT NULL,
  `dm_id` varchar(8) DEFAULT NULL,
  `order_delivery_address` text,
  `order_status` tinyint(1) NOT NULL,
  PRIMARY KEY (`order_id`),
  KEY `Method` (`dining_method`),
  KEY `dm_id` (`dm_id`),
  KEY `sm_id` (`sm_id`),
  CONSTRAINT `dining_method` FOREIGN KEY (`dining_method`) REFERENCES `dining_method_table` (`dining_method`) ON DELETE RESTRICT ON UPDATE CASCADE,
  CONSTRAINT `dm_id` FOREIGN KEY (`dm_id`) REFERENCES `delivery_man_table` (`dm_id`) ON DELETE RESTRICT ON UPDATE CASCADE,
  CONSTRAINT `sm_id` FOREIGN KEY (`sm_id`) REFERENCES `school_member_table` (`sm_id`) ON DELETE RESTRICT ON UPDATE CASCADE
) ENGINE=InnoDB DEFAULT CHARSET=utf8mb4 COLLATE=utf8mb4_0900_ai_ci;
/*!40101 SET character_set_client = @saved_cs_client */;

--
-- Dumping data for table `order_table`
--

LOCK TABLES `order_table` WRITE;
/*!40000 ALTER TABLE `order_table` DISABLE KEYS */;
INSERT INTO `order_table` VALUES ('Z1','TP002',15.00,'2023-05-01 03:41:47','Pick Up',NULL,NULL,1),('Z10','TP008',15.25,'2023-05-01 12:02:18','Dine In',NULL,NULL,1),('Z100','TP008',25.99,'2023-05-10 11:01:44','Pick Up',NULL,NULL,1),('Z101','TP005',1.50,'2023-05-11 01:48:41','Pick Up',NULL,NULL,1),('Z102','TP004',31.74,'2023-05-11 03:00:15','Delivery','DM1','D-04-09',1),('Z103','TP010',12.24,'2023-05-11 05:04:36','Dine In',NULL,NULL,1),('Z104','TP001',15.25,'2023-05-11 06:22:19','Dine In',NULL,NULL,1),('Z105','TP007',17.75,'2023-05-11 07:23:18','Dine In',NULL,NULL,1),('Z106','TP007',28.48,'2023-05-11 07:30:32','Dine In',NULL,NULL,1),('Z107','TP003',7.50,'2023-05-11 09:56:52','Dine In',NULL,NULL,1),('Z108','TP010',14.23,'2023-05-11 10:39:55','Dine In',NULL,NULL,1),('Z109','TP001',7.75,'2023-05-11 11:46:05','Dine In',NULL,NULL,1),('Z11','TP004',15.25,'2023-05-02 00:31:11','Dine In',NULL,NULL,1),('Z110','TP010',18.00,'2023-05-11 12:53:00','Dine In',NULL,NULL,1),('Z111','TP010',12.50,'2023-05-12 02:34:48','Dine In',NULL,NULL,1),('Z112','TP002',22.50,'2023-05-12 03:34:43','Pick Up',NULL,NULL,1),('Z113','TP006',11.49,'2023-05-12 04:20:38','Dine In',NULL,NULL,1),('Z114','TP005',22.99,'2023-05-12 06:36:33','Delivery','DM1','APU Gym',1),('Z115','TP007',13.49,'2023-05-12 07:06:16','Dine In',NULL,NULL,1),('Z116','TP003',29.23,'2023-05-12 08:49:41','Dine In',NULL,NULL,1),('Z117','TP008',13.00,'2023-05-12 09:43:49','Pick Up',NULL,NULL,1),('Z118','TP007',11.49,'2023-05-12 10:46:40','Dine In',NULL,NULL,1),('Z119','TP002',19.00,'2023-05-12 10:52:11','Dine In',NULL,NULL,1),('Z12','TP009',27.99,'2023-05-02 04:01:23','Delivery','DM2','APU Basketball Court',1),('Z120','TP010',19.00,'2023-05-12 11:20:25','Dine In',NULL,NULL,1),('Z121','TP010',13.49,'2023-05-13 02:37:35','Dine In',NULL,NULL,1),('Z122','TP007',13.48,'2023-05-13 03:26:29','Dine In',NULL,NULL,1),('Z123','TP002',13.75,'2023-05-13 05:29:27','Dine In',NULL,NULL,1),('Z124','TP007',21.00,'2023-05-13 05:40:51','Pick Up',NULL,NULL,1),('Z125','TP009',11.50,'2023-05-13 06:04:30','Delivery','DM1','Lab-05-06',1),('Z126','TP003',17.00,'2023-05-13 07:43:14','Dine In',NULL,NULL,1),('Z127','TP007',28.50,'2023-05-13 07:45:34','Dine In',NULL,NULL,1),('Z128','TP002',18.49,'2023-05-13 10:12:09','Dine In',NULL,NULL,1),('Z129','TP003',14.24,'2023-05-13 11:35:10','Dine In',NULL,NULL,1),('Z13','TP008',12.50,'2023-05-02 05:25:13','Dine In',NULL,NULL,1),('Z130','TP006',9.99,'2023-05-13 12:02:12','Pick Up',NULL,NULL,1),('Z131','TP004',68.00,'2023-05-14 02:09:43','Delivery','DM1','E-09-05',1),('Z132','TP003',9.50,'2023-05-14 02:22:46','Dine In',NULL,NULL,1),('Z133','TP010',15.50,'2023-05-14 04:10:11','Dine In',NULL,NULL,1),('Z134','TP010',10.74,'2023-05-14 04:36:26','Dine In',NULL,NULL,1),('Z135','TP010',27.75,'2023-05-14 06:33:27','Pick Up',NULL,NULL,1),('Z136','TP003',21.74,'2023-05-14 06:35:16','Dine In',NULL,NULL,1),('Z137','TP004',9.74,'2023-05-14 06:52:09','Dine In',NULL,NULL,1),('Z138','TP002',12.99,'2023-05-14 07:41:10','Dine In',NULL,NULL,1),('Z139','TP006',14.99,'2023-05-14 09:19:42','Pick Up',NULL,NULL,1),('Z14','TP002',25.24,'2023-05-02 06:28:09','Pick Up',NULL,NULL,1),('Z140','TP009',15.75,'2023-05-14 12:56:12','Dine In',NULL,NULL,1),('Z141','TP002',16.00,'2023-05-15 01:39:25','Dine In',NULL,NULL,1),('Z142','TP008',6.00,'2023-05-15 03:44:01','Pick Up',NULL,NULL,1),('Z143','TP010',5.00,'2023-05-15 04:54:45','Pick Up',NULL,NULL,1),('Z144','TP003',13.25,'2023-05-15 06:28:13','Dine In',NULL,NULL,1),('Z145','TP005',13.75,'2023-05-15 06:58:23','Pick Up',NULL,NULL,1),('Z146','TP009',22.75,'2023-05-15 08:54:24','Delivery','DM2','APU Cashier',1),('Z147','TP010',15.00,'2023-05-15 09:53:12','Dine In',NULL,NULL,1),('Z148','TP009',14.24,'2023-05-15 10:33:36','Dine In',NULL,NULL,1),('Z149','TP003',9.99,'2023-05-15 11:27:09','Dine In',NULL,NULL,1),('Z15','TP008',28.49,'2023-05-02 06:30:17','Delivery','DM2','APU E-08 Toilet',1),('Z150','TP005',14.50,'2023-05-15 12:21:45','Dine In',NULL,NULL,1),('Z151','TP004',11.25,'2023-05-16 00:36:14','Dine In',NULL,NULL,1),('Z152','TP007',9.50,'2023-05-16 02:32:12','Pick Up',NULL,NULL,1),('Z153','TP010',13.00,'2023-05-16 04:32:39','Dine In',NULL,NULL,1),('Z154','TP009',13.99,'2023-05-16 05:45:49','Dine In',NULL,NULL,1),('Z155','TP009',9.00,'2023-05-16 06:21:04','Pick Up',NULL,NULL,1),('Z156','TP007',14.00,'2023-05-16 08:40:10','Dine In',NULL,NULL,1),('Z157','TP006',7.75,'2023-05-16 09:15:46','Pick Up',NULL,NULL,1),('Z158','TP003',15.00,'2023-05-16 10:43:40','Pick Up',NULL,NULL,1),('Z159','TP002',22.50,'2023-05-16 11:29:01','Dine In',NULL,NULL,1),('Z16','TP007',11.74,'2023-05-02 07:42:03','Dine In',NULL,NULL,1),('Z160','TP004',21.24,'2023-05-16 12:09:42','Dine In',NULL,NULL,1),('Z161','TP002',31.74,'2023-05-17 02:46:01','Dine In',NULL,NULL,1),('Z162','TP006',19.00,'2023-05-17 03:37:02','Dine In',NULL,NULL,1),('Z163','TP008',16.99,'2023-05-17 03:39:26','Dine In',NULL,NULL,1),('Z164','TP005',28.24,'2023-05-17 05:06:50','Delivery','DM1','A-04-05',1),('Z165','TP006',21.49,'2023-05-17 06:08:28','Delivery','DM1','APU Clinic',1),('Z166','TP010',11.00,'2023-05-17 07:27:13','Dine In',NULL,NULL,1),('Z167','TP001',13.75,'2023-05-17 07:28:55','Pick Up',NULL,NULL,1),('Z168','TP004',36.50,'2023-05-17 09:23:26','Pick Up',NULL,NULL,1),('Z169','TP007',21.00,'2023-05-17 11:53:17','Dine In',NULL,NULL,1),('Z17','TP008',24.99,'2023-05-02 09:57:22','Dine In',NULL,NULL,1),('Z170','TP001',21.49,'2023-05-17 12:49:16','Dine In',NULL,NULL,1),('Z171','TP006',11.25,'2023-05-18 03:05:46','Dine In',NULL,NULL,1),('Z172','TP009',7.25,'2023-05-18 03:13:14','Dine In',NULL,NULL,1),('Z173','TP010',14.75,'2023-05-18 05:22:25','Dine In',NULL,NULL,1),('Z174','TP006',27.00,'2023-05-18 06:20:08','Dine In',NULL,NULL,1),('Z175','TP007',6.75,'2023-05-18 06:47:25','Pick Up',NULL,NULL,1),('Z176','TP007',10.99,'2023-05-18 07:33:17','Dine In',NULL,NULL,1),('Z177','TP010',18.24,'2023-05-18 09:54:06','Pick Up',NULL,NULL,1),('Z178','TP006',16.25,'2023-05-18 10:07:01','Dine In',NULL,NULL,1),('Z179','TP010',32.50,'2023-05-18 10:53:55','Pick Up',NULL,NULL,1),('Z18','TP007',13.75,'2023-05-02 10:07:03','Dine In',NULL,NULL,1),('Z180','TP009',5.99,'2023-05-18 10:57:35','Dine In',NULL,NULL,1),('Z181','TP009',10.00,'2023-05-19 03:18:34','Dine In',NULL,NULL,1),('Z182','TP009',8.74,'2023-05-19 04:21:20','Dine In',NULL,NULL,1),('Z183','TP009',28.24,'2023-05-19 05:40:32','Delivery','DM2','APU Library 3rd meeting room',1),('Z184','TP003',14.25,'2023-05-19 06:46:35','Dine In',NULL,NULL,1),('Z185','TP001',6.50,'2023-05-19 06:54:50','Dine In',NULL,NULL,1),('Z186','TP008',9.25,'2023-05-19 07:11:31','Pick Up',NULL,NULL,1),('Z187','TP004',11.49,'2023-05-19 08:46:36','Dine In',NULL,NULL,1),('Z188','TP003',8.50,'2023-05-19 09:24:18','Dine In',NULL,NULL,1),('Z189','TP007',22.98,'2023-05-19 11:12:18','Dine In',NULL,NULL,1),('Z19','TP007',13.74,'2023-05-02 10:48:14','Dine In',NULL,NULL,1),('Z190','TP004',18.99,'2023-05-19 11:46:27','Dine In',NULL,NULL,1),('Z191','TP009',11.25,'2023-05-20 03:47:25','Dine In',NULL,NULL,1),('Z192','TP004',41.48,'2023-05-20 03:55:50','Dine In',NULL,NULL,1),('Z193','TP003',12.74,'2023-05-20 04:19:14','Dine In',NULL,NULL,1),('Z194','TP005',11.99,'2023-05-20 06:07:08','Dine In',NULL,NULL,1),('Z195','TP010',6.50,'2023-05-20 07:57:01','Pick Up',NULL,NULL,1),('Z196','TP005',7.75,'2023-05-20 08:49:51','Dine In',NULL,NULL,1),('Z197','TP004',16.25,'2023-05-20 09:53:31','Pick Up',NULL,NULL,1),('Z198','TP003',6.75,'2023-05-20 10:25:20','Dine In',NULL,NULL,1),('Z199','TP004',36.97,'2023-05-20 11:05:32','Delivery','DM2','B-07-01',1),('Z2','TP001',11.00,'2023-05-01 04:04:39','Dine In',NULL,NULL,1),('Z20','TP008',19.25,'2023-05-02 11:04:41','Delivery','DM2','A-04-05',1),('Z200','TP008',20.74,'2023-05-20 12:31:11','Pick Up',NULL,NULL,1),('Z201','TP008',18.24,'2023-05-21 00:26:19','Dine In',NULL,NULL,1),('Z202','TP003',31.48,'2023-05-21 04:30:36','Dine In',NULL,NULL,1),('Z203','TP001',12.50,'2023-05-21 05:55:00','Dine In',NULL,NULL,1),('Z204','TP005',19.99,'2023-05-21 06:56:51','Dine In',NULL,NULL,1),('Z205','TP001',19.49,'2023-05-21 07:43:36','Dine In',NULL,NULL,1),('Z206','TP005',12.49,'2023-05-21 08:15:38','Dine In',NULL,NULL,1),('Z207','TP005',8.50,'2023-05-21 09:49:31','Pick Up',NULL,NULL,1),('Z208','TP009',12.50,'2023-05-21 09:54:11','Pick Up',NULL,NULL,1),('Z209','TP003',14.75,'2023-05-21 11:26:51','Dine In',NULL,NULL,1),('Z21','TP006',6.00,'2023-05-03 02:33:28','Dine In',NULL,NULL,1),('Z210','TP007',18.24,'2023-05-21 12:37:45','Dine In',NULL,NULL,1),('Z211','TP007',16.49,'2023-05-22 03:07:27','Dine In',NULL,NULL,1),('Z212','TP009',10.00,'2023-05-22 03:10:05','Dine In',NULL,NULL,1),('Z213','TP006',29.00,'2023-05-22 04:58:35','Dine In',NULL,NULL,1),('Z214','TP004',39.24,'2023-05-22 05:28:21','Delivery','DM2','E-09-08',1),('Z215','TP009',15.75,'2023-05-22 06:40:01','Dine In',NULL,NULL,1),('Z216','TP010',18.98,'2023-05-22 07:31:29','Dine In',NULL,NULL,1),('Z217','TP001',10.99,'2023-05-22 09:12:44','Dine In',NULL,NULL,1),('Z218','TP005',14.25,'2023-05-22 10:46:35','Dine In',NULL,NULL,1),('Z219','TP004',7.25,'2023-05-22 11:01:00','Pick Up',NULL,NULL,1),('Z22','TP006',8.50,'2023-05-03 03:00:05','Dine In',NULL,NULL,1),('Z220','TP005',11.25,'2023-05-22 12:36:28','Dine In',NULL,NULL,1),('Z221','TP005',7.75,'2023-05-23 01:48:29','Dine In',NULL,NULL,1),('Z222','TP001',10.99,'2023-05-23 01:50:32','Dine In',NULL,NULL,1),('Z223','TP005',14.74,'2023-05-23 04:49:13','Dine In',NULL,NULL,1),('Z224','TP008',7.50,'2023-05-23 06:28:08','Dine In',NULL,NULL,1),('Z225','TP009',11.75,'2023-05-23 07:20:51','Dine In',NULL,NULL,1),('Z226','TP004',15.00,'2023-05-23 08:01:34','Pick Up',NULL,NULL,1),('Z227','TP009',15.49,'2023-05-23 08:06:31','Pick Up',NULL,NULL,1),('Z228','TP006',18.50,'2023-05-23 09:53:10','Dine In',NULL,NULL,1),('Z229','TP005',27.99,'2023-05-23 10:47:27','Delivery','DM1','B-06-02',1),('Z23','TP003',19.75,'2023-05-03 04:36:14','Delivery','DM2','Auditorum 7',1),('Z230','TP006',8.49,'2023-05-23 10:55:33','Dine In',NULL,NULL,1),('Z231','TP006',24.99,'2023-05-24 03:25:05','Pick Up',NULL,NULL,1),('Z232','TP007',16.74,'2023-05-24 04:51:20','Dine In',NULL,NULL,1),('Z233','TP008',18.98,'2023-05-24 05:21:23','Dine In',NULL,NULL,1),('Z234','TP009',18.49,'2023-05-24 05:59:33','Dine In',NULL,NULL,1),('Z235','TP008',6.00,'2023-05-24 06:46:40','Dine In',NULL,NULL,1),('Z236','TP006',20.49,'2023-05-24 08:39:46','Dine In',NULL,NULL,1),('Z237','TP008',23.49,'2023-05-24 09:00:00','Dine In',NULL,NULL,1),('Z238','TP006',19.24,'2023-05-24 09:57:34','Dine In',NULL,NULL,1),('Z239','TP007',17.00,'2023-05-24 10:33:45','Dine In',NULL,NULL,1),('Z24','TP002',16.49,'2023-05-03 06:43:06','Dine In',NULL,NULL,1),('Z240','TP008',15.00,'2023-05-24 11:11:12','Pick Up',NULL,NULL,1),('Z241','TP001',16.49,'2023-05-25 02:34:32','Delivery','DM1','APU bus waiting room',1),('Z242','TP008',24.49,'2023-05-25 04:45:06','Dine In',NULL,NULL,1),('Z243','TP006',16.49,'2023-05-25 05:31:22','Pick Up',NULL,NULL,1),('Z244','TP006',10.25,'2023-05-25 06:48:19','Dine In',NULL,NULL,1),('Z245','TP007',32.49,'2023-05-25 06:56:24','Dine In',NULL,NULL,1),('Z246','TP006',23.24,'2023-05-25 07:40:03','Dine In',NULL,NULL,1),('Z247','TP005',9.00,'2023-05-25 09:12:51','Dine In',NULL,NULL,1),('Z248','TP007',13.00,'2023-05-25 10:06:21','Dine In',NULL,NULL,1),('Z249','TP009',14.49,'2023-05-25 11:00:37','Dine In',NULL,NULL,1),('Z25','TP001',6.00,'2023-05-03 06:50:13','Delivery','DM1','E-07 Male 2nd Toilet, need tissue, hurry !!!!',1),('Z250','TP006',12.50,'2023-05-25 11:31:22','Pick Up',NULL,NULL,1),('Z251','TP003',8.50,'2023-05-26 00:36:32','Dine In',NULL,NULL,1),('Z252','TP010',50.24,'2023-05-26 02:14:40','Delivery','DM1','E-05-01',1),('Z253','TP004',13.25,'2023-05-26 05:10:22','Dine In',NULL,NULL,1),('Z254','TP008',12.75,'2023-05-26 05:28:10','Pick Up',NULL,NULL,1),('Z255','TP007',18.00,'2023-05-26 05:53:18','Dine In',NULL,NULL,1),('Z256','TP008',18.50,'2023-05-26 08:20:31','Dine In',NULL,NULL,1),('Z257','TP001',13.00,'2023-05-26 09:35:55','Dine In',NULL,NULL,1),('Z258','TP010',8.75,'2023-05-26 09:36:07','Pick Up',NULL,NULL,1),('Z259','TP002',16.49,'2023-05-26 10:41:57','Dine In',NULL,NULL,1),('Z26','TP004',15.25,'2023-05-03 08:56:51','Dine In',NULL,NULL,1),('Z260','TP007',24.74,'2023-05-26 12:37:12','Dine In',NULL,NULL,1),('Z261','TP009',10.00,'2023-05-27 00:55:38','Pick Up',NULL,NULL,1),('Z262','TP004',18.49,'2023-05-27 04:41:07','Dine In',NULL,NULL,1),('Z263','TP002',28.48,'2023-05-27 05:30:01','Dine In',NULL,NULL,1),('Z264','TP010',17.74,'2023-05-27 06:42:07','Dine In',NULL,NULL,1),('Z265','TP008',18.00,'2023-05-27 07:28:02','Dine In',NULL,NULL,1),('Z266','TP008',19.25,'2023-05-27 08:55:11','Delivery','DM2','Fintech Meeting Room',1),('Z267','TP005',12.00,'2023-05-27 09:45:34','Dine In',NULL,NULL,1),('Z268','TP001',12.00,'2023-05-27 10:11:05','Dine In',NULL,NULL,1),('Z269','TP001',21.24,'2023-05-27 10:44:55','Dine In',NULL,NULL,1),('Z27','TP008',40.49,'2023-05-03 09:04:27','Pick Up',NULL,NULL,1),('Z270','TP010',18.50,'2023-05-27 11:55:00','Dine In',NULL,NULL,1),('Z271','TP009',12.50,'2023-05-28 02:36:23','Dine In',NULL,NULL,1),('Z272','TP003',21.50,'2023-05-28 03:37:42','Pick Up',NULL,NULL,1),('Z273','TP004',21.25,'2023-05-28 03:54:01','Pick Up',NULL,NULL,1),('Z274','TP008',10.25,'2023-05-28 04:36:45','Dine In',NULL,NULL,1),('Z275','TP009',28.75,'2023-05-28 04:46:30','Dine In',NULL,NULL,1),('Z276','TP005',10.50,'2023-05-28 06:16:03','Dine In',NULL,NULL,1),('Z277','TP010',9.00,'2023-05-28 07:07:44','Dine In',NULL,NULL,1),('Z278','TP010',13.24,'2023-05-28 09:35:27','Delivery','DM2','Lab-06-07',1),('Z279','TP002',13.00,'2023-05-28 10:30:39','Dine In',NULL,NULL,1),('Z28','TP004',13.49,'2023-05-03 10:23:04','Dine In',NULL,NULL,1),('Z280','TP006',13.25,'2023-05-28 12:16:24','Dine In',NULL,NULL,1),('Z281','TP006',9.00,'2023-05-29 01:35:25','Dine In',NULL,NULL,1),('Z282','TP006',22.50,'2023-05-29 04:58:46','Pick Up',NULL,NULL,1),('Z283','TP005',20.49,'2023-05-29 05:44:27','Pick Up',NULL,NULL,1),('Z284','TP004',14.25,'2023-05-29 06:15:01','Dine In',NULL,NULL,1),('Z285','TP006',9.74,'2023-05-29 06:22:37','Dine In',NULL,NULL,1),('Z286','TP004',12.99,'2023-05-29 07:52:21','Dine In',NULL,NULL,1),('Z287','TP006',19.99,'2023-05-29 09:24:13','Dine In',NULL,NULL,1),('Z288','TP001',12.50,'2023-05-29 09:44:49','Dine In',NULL,NULL,1),('Z289','TP010',13.49,'2023-05-29 09:56:34','Dine In',NULL,NULL,1),('Z29','TP003',15.97,'2023-05-03 11:28:45','Pick Up',NULL,NULL,1),('Z290','TP008',15.99,'2023-05-29 11:57:12','Pick Up',NULL,NULL,1),('Z291','TP006',9.00,'2023-05-30 02:43:30','Dine In',NULL,NULL,1),('Z292','TP002',24.99,'2023-05-30 04:17:35','Dine In',NULL,NULL,1),('Z293','TP010',36.49,'2023-05-30 04:56:49','Delivery','DM2','D-08-07',1),('Z294','TP008',24.74,'2023-05-30 05:12:22','Dine In',NULL,NULL,1),('Z295','TP009',13.25,'2023-05-30 05:43:14','Dine In',NULL,NULL,1),('Z296','TP006',15.00,'2023-05-30 06:30:26','Dine In',NULL,NULL,1),('Z297','TP005',7.50,'2023-05-30 08:48:40','Dine In',NULL,NULL,1),('Z298','TP007',18.49,'2023-05-30 10:37:40','Pick Up',NULL,NULL,1),('Z299','TP005',15.99,'2023-05-30 11:09:35','Dine In',NULL,NULL,1),('Z3','TP010',50.23,'2023-05-01 05:24:29','Dine In',NULL,NULL,1),('Z30','TP008',15.75,'2023-05-03 12:11:31','Dine In',NULL,NULL,1),('Z300','TP009',32.49,'2023-05-30 11:38:02','Dine In',NULL,NULL,1),('Z301','TP007',12.50,'2023-05-31 00:34:25','Dine In',NULL,NULL,1),('Z302','TP010',21.50,'2023-05-31 03:24:30','Dine In',NULL,NULL,1),('Z303','TP010',30.74,'2023-05-31 05:23:17','Pick Up',NULL,NULL,1),('Z304','TP005',46.74,'2023-05-31 06:11:30','Delivery','DM1','B-06-06',1),('Z305','TP001',11.75,'2023-05-31 06:45:42','Dine In',NULL,NULL,1),('Z306','TP004',8.24,'2023-05-31 08:27:32','Pick Up',NULL,NULL,1),('Z307','TP009',12.99,'2023-05-31 08:48:17','Dine In',NULL,NULL,1),('Z308','TP001',18.00,'2023-05-31 10:28:04','Dine In',NULL,NULL,1),('Z309','TP004',15.99,'2023-05-31 11:27:34','Dine In',NULL,NULL,1),('Z31','TP008',13.75,'2023-05-04 03:58:25','Dine In',NULL,NULL,1),('Z310','TP008',15.74,'2023-05-31 12:32:16','Dine In',NULL,NULL,1),('Z311','TP001',20.97,'2023-07-07 07:04:24','Delivery','DM1','APU Gym Room',1),('Z312','TP001',9.50,'2023-07-07 09:25:01','Delivery','DM1','APU Satellite 2 - 13',1),('Z32','TP008',6.50,'2023-05-04 03:58:48','Dine In',NULL,NULL,1),('Z33','TP008',6.75,'2023-05-04 05:46:49','Pick Up',NULL,NULL,1),('Z34','TP007',19.75,'2023-05-04 05:54:50','Dine In',NULL,NULL,1),('Z35','TP006',18.74,'2023-05-04 07:36:50','Dine In',NULL,NULL,1),('Z36','TP009',20.75,'2023-05-04 07:45:36','Dine In',NULL,NULL,1),('Z37','TP004',39.00,'2023-05-04 07:58:37','Pick Up',NULL,NULL,1),('Z38','TP008',11.75,'2023-05-04 10:10:31','Dine In',NULL,NULL,1),('Z39','TP005',17.49,'2023-05-04 11:42:10','Dine In',NULL,NULL,1),('Z4','TP002',15.74,'2023-05-01 06:51:35','Dine In',NULL,NULL,1),('Z40','TP002',15.25,'2023-05-04 12:43:42','Delivery','DM2','Level 6 @Enterprise',1),('Z41','TP008',13.75,'2023-05-05 00:36:34','Dine In',NULL,NULL,1),('Z42','TP005',17.49,'2023-05-05 04:20:28','Dine In',NULL,NULL,1),('Z43','TP006',28.24,'2023-05-05 05:30:22','Dine In',NULL,NULL,1),('Z44','TP003',7.50,'2023-05-05 06:04:45','Dine In',NULL,NULL,1),('Z45','TP004',16.99,'2023-05-05 07:15:20','Dine In',NULL,NULL,1),('Z46','TP006',13.74,'2023-05-05 08:24:31','Dine In',NULL,NULL,1),('Z47','TP001',28.49,'2023-05-05 08:55:18','Pick Up',NULL,NULL,1),('Z48','TP008',20.50,'2023-05-05 10:21:56','Delivery','DM2','Lab-06-05',1),('Z49','TP009',13.74,'2023-05-05 11:52:37','Dine In',NULL,NULL,1),('Z5','TP004',46.75,'2023-05-01 07:43:40','Dine In',NULL,NULL,1),('Z50','TP001',16.49,'2023-05-05 12:48:28','Dine In',NULL,NULL,1),('Z51','TP009',6.50,'2023-05-06 03:59:45','Pick Up',NULL,NULL,1),('Z52','TP010',21.49,'2023-05-06 04:22:09','Dine In',NULL,NULL,1),('Z53','TP008',15.00,'2023-05-06 05:36:48','Dine In',NULL,NULL,1),('Z54','TP001',6.75,'2023-05-06 05:41:26','Pick Up',NULL,NULL,1),('Z55','TP008',32.49,'2023-05-06 07:30:05','Dine In',NULL,NULL,1),('Z56','TP008',7.25,'2023-05-06 07:35:04','Dine In',NULL,NULL,1),('Z57','TP008',14.25,'2023-05-06 08:27:37','Dine In',NULL,NULL,1),('Z58','TP007',26.50,'2023-05-06 08:55:17','Dine In',NULL,NULL,1),('Z59','TP008',10.25,'2023-05-06 11:37:12','Pick Up',NULL,NULL,1),('Z6','TP002',20.00,'2023-05-01 08:27:03','Delivery','DM2','B-08-05',1),('Z60','TP004',23.24,'2023-05-06 12:58:39','Delivery','DM1','APU level 2 parking near block e',1),('Z61','TP005',14.74,'2023-05-07 02:07:48','Dine In',NULL,NULL,1),('Z62','TP002',19.99,'2023-05-07 03:29:00','Pick Up',NULL,NULL,1),('Z63','TP007',9.25,'2023-05-07 05:32:11','Dine In',NULL,NULL,1),('Z64','TP005',18.75,'2023-05-07 06:34:44','Dine In',NULL,NULL,1),('Z65','TP002',15.00,'2023-05-07 06:45:21','Delivery','DM1','Auditorium 1',1),('Z66','TP006',14.99,'2023-05-07 08:05:26','Pick Up',NULL,NULL,1),('Z67','TP008',21.99,'2023-05-07 09:07:17','Dine In',NULL,NULL,1),('Z68','TP007',14.25,'2023-05-07 10:17:09','Pick Up',NULL,NULL,1),('Z69','TP002',15.74,'2023-05-07 11:43:24','Dine In',NULL,NULL,1),('Z7','TP010',13.00,'2023-05-01 09:32:05','Pick Up',NULL,NULL,1),('Z70','TP005',21.49,'2023-05-07 11:45:47','Pick Up',NULL,NULL,1),('Z71','TP002',15.25,'2023-05-08 00:28:11','Dine In',NULL,NULL,1),('Z72','TP001',22.74,'2023-05-08 00:50:18','Dine In',NULL,NULL,1),('Z73','TP010',17.99,'2023-05-08 01:26:02','Delivery','DM2','APU Library',1),('Z74','TP003',10.50,'2023-05-08 04:05:33','Dine In',NULL,NULL,1),('Z75','TP006',10.74,'2023-05-08 04:47:12','Pick Up',NULL,NULL,1),('Z76','TP007',36.98,'2023-05-08 06:49:23','Dine In',NULL,NULL,1),('Z77','TP006',11.99,'2023-05-08 07:33:36','Dine In',NULL,NULL,1),('Z78','TP009',7.75,'2023-05-08 07:43:01','Dine In',NULL,NULL,1),('Z79','TP002',11.99,'2023-05-08 09:00:09','Dine In',NULL,NULL,1),('Z8','TP001',37.75,'2023-05-01 10:03:15','Pick Up',NULL,NULL,1),('Z80','TP001',6.75,'2023-05-08 11:44:32','Dine In',NULL,NULL,1),('Z81','TP010',12.25,'2023-05-09 03:29:36','Dine In',NULL,NULL,1),('Z82','TP006',12.49,'2023-05-09 04:08:44','Dine In',NULL,NULL,1),('Z83','TP002',15.49,'2023-05-09 05:05:12','Pick Up',NULL,NULL,1),('Z84','TP009',11.00,'2023-05-09 05:31:09','Dine In',NULL,NULL,1),('Z85','TP003',16.00,'2023-05-09 06:34:16','Dine In',NULL,NULL,1),('Z86','TP002',6.50,'2023-05-09 08:05:52','Pick Up',NULL,NULL,1),('Z87','TP010',33.00,'2023-05-09 08:12:21','Delivery','DM1','b-06-09',1),('Z88','TP001',32.50,'2023-05-09 09:32:45','Dine In',NULL,NULL,1),('Z89','TP008',11.49,'2023-05-09 11:46:36','Pick Up',NULL,NULL,1),('Z9','TP001',25.50,'2023-05-01 11:59:20','Delivery','DM1','D-09-01',1),('Z90','TP004',9.75,'2023-05-09 12:54:17','Dine In',NULL,NULL,1),('Z91','TP007',13.75,'2023-05-10 01:38:34','Pick Up',NULL,NULL,1),('Z92','TP008',11.00,'2023-05-10 02:05:41','Dine In',NULL,NULL,1),('Z93','TP002',10.00,'2023-05-10 02:40:23','Dine In',NULL,NULL,1),('Z94','TP007',18.49,'2023-05-10 06:37:08','Dine In',NULL,NULL,1),('Z95','TP007',5.99,'2023-05-10 07:09:27','Pick Up',NULL,NULL,1),('Z96','TP005',13.75,'2023-05-10 07:49:25','Dine In',NULL,NULL,1),('Z97','TP005',19.99,'2023-05-10 08:02:41','Dine In',NULL,NULL,1),('Z98','TP003',15.99,'2023-05-10 09:35:11','Dine In',NULL,NULL,1),('Z99','TP007',11.74,'2023-05-10 10:22:20','Dine In',NULL,NULL,1);
/*!40000 ALTER TABLE `order_table` ENABLE KEYS */;
UNLOCK TABLES;

--
-- Table structure for table `school_administrator_table`
--

DROP TABLE IF EXISTS `school_administrator_table`;
/*!40101 SET @saved_cs_client     = @@character_set_client */;
/*!50503 SET character_set_client = utf8mb4 */;
CREATE TABLE `school_administrator_table` (
  `am_id` varchar(8) NOT NULL,
  `am_password` varchar(45) NOT NULL,
  `am_name` varchar(50) NOT NULL,
  PRIMARY KEY (`am_id`)
) ENGINE=InnoDB DEFAULT CHARSET=utf8mb4 COLLATE=utf8mb4_0900_ai_ci;
/*!40101 SET character_set_client = @saved_cs_client */;

--
-- Dumping data for table `school_administrator_table`
--

LOCK TABLES `school_administrator_table` WRITE;
/*!40000 ALTER TABLE `school_administrator_table` DISABLE KEYS */;
INSERT INTO `school_administrator_table` VALUES ('CL','CL','Chailam'),('KAWAI','KAWAI','Kawai'),('SY','SY','Sauyang'),('ZN','ZN','Zhennan');
/*!40000 ALTER TABLE `school_administrator_table` ENABLE KEYS */;
UNLOCK TABLES;

--
-- Table structure for table `school_member_table`
--

DROP TABLE IF EXISTS `school_member_table`;
/*!40101 SET @saved_cs_client     = @@character_set_client */;
/*!50503 SET character_set_client = utf8mb4 */;
CREATE TABLE `school_member_table` (
  `sm_id` varchar(8) NOT NULL,
  `sm_password` varchar(45) NOT NULL,
  `sm_name` varchar(50) NOT NULL,
  `sm_account_balance` decimal(8,2) NOT NULL,
  PRIMARY KEY (`sm_id`)
) ENGINE=InnoDB DEFAULT CHARSET=utf8mb4 COLLATE=utf8mb4_0900_ai_ci;
/*!40101 SET character_set_client = @saved_cs_client */;

--
-- Dumping data for table `school_member_table`
--

LOCK TABLES `school_member_table` WRITE;
/*!40000 ALTER TABLE `school_member_table` DISABLE KEYS */;
INSERT INTO `school_member_table` VALUES ('TP001','1','Jeremy',61.87),('TP002','2','BabyShark',42.39),('TP003','3','Luffy',58.37),('TP004','4','Doraemon',50.68),('TP005','5','Yi Bo Wang',36.40),('TP006','6','Foger',53.69),('TP007','7','Spiderman',96.97),('TP008','8','Tupperware',5.67),('TP009','9','Walmart Bag',45.12),('TP010','10','Jisoo',53.93);
/*!40000 ALTER TABLE `school_member_table` ENABLE KEYS */;
UNLOCK TABLES;

--
-- Table structure for table `sm_balance_history_table`
--

DROP TABLE IF EXISTS `sm_balance_history_table`;
/*!40101 SET @saved_cs_client     = @@character_set_client */;
/*!50503 SET character_set_client = utf8mb4 */;
CREATE TABLE `sm_balance_history_table` (
  `sm_id` varchar(8) NOT NULL,
  `transaction_number` int NOT NULL AUTO_INCREMENT,
  `transaction_date_time` timestamp NOT NULL,
  `balance_amount_changed` decimal(8,2) NOT NULL,
  `latest_balance` decimal(8,2) NOT NULL,
  `action` varchar(45) NOT NULL,
  PRIMARY KEY (`transaction_number`,`sm_id`),
  KEY `TP_Number_idx` (`sm_id`),
  CONSTRAINT `history_sm_id` FOREIGN KEY (`sm_id`) REFERENCES `school_member_table` (`sm_id`) ON DELETE RESTRICT ON UPDATE CASCADE
) ENGINE=InnoDB AUTO_INCREMENT=401 DEFAULT CHARSET=utf8mb4 COLLATE=utf8mb4_0900_ai_ci;
/*!40101 SET character_set_client = @saved_cs_client */;

--
-- Dumping data for table `sm_balance_history_table`
--

LOCK TABLES `sm_balance_history_table` WRITE;
/*!40000 ALTER TABLE `sm_balance_history_table` DISABLE KEYS */;
INSERT INTO `sm_balance_history_table` VALUES ('TP002',1,'2023-05-01 03:36:47',100.00,100.00,'Top Up'),('TP002',2,'2023-05-01 03:41:47',-15.00,85.00,'Z1'),('TP001',3,'2023-05-01 03:59:39',100.00,100.00,'Top Up'),('TP001',4,'2023-05-01 04:04:39',-11.00,89.00,'Z2'),('TP010',5,'2023-05-01 05:19:29',100.00,100.00,'Top Up'),('TP010',6,'2023-05-01 05:24:29',-50.23,49.77,'Z3'),('TP002',7,'2023-05-01 06:51:35',-15.74,69.26,'Z4'),('TP004',8,'2023-05-01 07:38:40',100.00,100.00,'Top Up'),('TP004',9,'2023-05-01 07:43:40',-46.75,53.25,'Z5'),('TP002',10,'2023-05-01 08:27:03',-20.00,49.26,'Z6'),('TP010',11,'2023-05-01 09:32:05',-13.00,36.77,'Z7'),('TP001',12,'2023-05-01 10:03:15',-37.75,51.25,'Z8'),('TP001',13,'2023-05-01 11:59:20',-25.50,25.75,'Z9'),('TP008',14,'2023-05-01 11:57:18',100.00,100.00,'Top Up'),('TP008',15,'2023-05-01 12:02:18',-15.25,84.75,'Z10'),('TP004',16,'2023-05-02 00:31:11',-15.25,38.00,'Z11'),('TP009',17,'2023-05-02 03:56:23',100.00,100.00,'Top Up'),('TP009',18,'2023-05-02 04:01:23',-27.99,72.01,'Z12'),('TP008',19,'2023-05-02 05:25:13',-12.50,72.25,'Z13'),('TP002',20,'2023-05-02 06:28:09',-25.24,24.02,'Z14'),('TP008',21,'2023-05-02 06:30:17',-28.49,43.76,'Z15'),('TP007',22,'2023-05-02 07:37:03',100.00,100.00,'Top Up'),('TP007',23,'2023-05-02 07:42:03',-11.74,88.26,'Z16'),('TP008',24,'2023-05-02 09:57:22',-24.99,18.77,'Z17'),('TP007',25,'2023-05-02 10:07:03',-13.75,74.51,'Z18'),('TP007',26,'2023-05-02 10:48:14',-13.74,60.77,'Z19'),('TP008',27,'2023-05-02 10:59:41',100.00,118.77,'Top Up'),('TP008',28,'2023-05-02 11:04:41',-19.25,99.52,'Z20'),('TP006',29,'2023-05-03 02:28:28',100.00,100.00,'Top Up'),('TP006',30,'2023-05-03 02:33:28',-6.00,94.00,'Z21'),('TP006',31,'2023-05-03 03:00:05',-8.50,85.50,'Z22'),('TP003',32,'2023-05-03 04:31:14',100.00,100.00,'Top Up'),('TP003',33,'2023-05-03 04:36:14',-19.75,80.25,'Z23'),('TP002',34,'2023-05-03 06:43:06',-16.49,7.53,'Z24'),('TP001',35,'2023-05-03 06:50:13',-6.00,19.75,'Z25'),('TP004',36,'2023-05-03 08:56:51',-15.25,22.75,'Z26'),('TP008',37,'2023-05-03 09:04:27',-40.49,59.03,'Z27'),('TP004',38,'2023-05-03 10:23:04',-13.49,9.26,'Z28'),('TP003',39,'2023-05-03 11:28:45',-15.97,64.28,'Z29'),('TP008',40,'2023-05-03 12:11:31',-15.75,43.28,'Z30'),('TP008',41,'2023-05-04 03:58:25',-13.75,29.53,'Z31'),('TP008',42,'2023-05-04 03:58:48',-6.50,23.03,'Z32'),('TP008',43,'2023-05-04 05:46:49',-6.75,16.28,'Z33'),('TP007',44,'2023-05-04 05:54:50',-19.75,41.02,'Z34'),('TP006',45,'2023-05-04 07:36:50',-18.74,66.76,'Z35'),('TP009',46,'2023-05-04 07:45:36',-20.75,51.26,'Z36'),('TP004',47,'2023-05-04 07:53:37',100.00,109.26,'Top Up'),('TP004',48,'2023-05-04 07:58:37',-39.00,70.26,'Z37'),('TP008',49,'2023-05-04 10:10:31',-11.75,4.53,'Z38'),('TP005',50,'2023-05-04 11:37:10',100.00,100.00,'Top Up'),('TP005',51,'2023-05-04 11:42:10',-17.49,82.51,'Z39'),('TP002',52,'2023-05-04 12:38:42',100.00,107.53,'Top Up'),('TP002',53,'2023-05-04 12:43:42',-15.25,92.28,'Z40'),('TP008',54,'2023-05-05 00:31:34',100.00,104.53,'Top Up'),('TP008',55,'2023-05-05 00:36:34',-13.75,90.78,'Z41'),('TP005',56,'2023-05-05 04:20:28',-17.49,65.02,'Z42'),('TP006',57,'2023-05-05 05:30:22',-28.24,38.52,'Z43'),('TP003',58,'2023-05-05 06:04:45',-7.50,56.78,'Z44'),('TP004',59,'2023-05-05 07:15:20',-16.99,53.27,'Z45'),('TP006',60,'2023-05-05 08:24:31',-13.74,24.78,'Z46'),('TP001',61,'2023-05-05 08:50:18',100.00,119.75,'Top Up'),('TP001',62,'2023-05-05 08:55:18',-28.49,91.26,'Z47'),('TP008',63,'2023-05-05 10:21:56',-20.50,70.28,'Z48'),('TP009',64,'2023-05-05 11:52:37',-13.74,37.52,'Z49'),('TP001',65,'2023-05-05 12:48:28',-16.49,74.77,'Z50'),('TP009',66,'2023-05-06 03:59:45',-6.50,31.02,'Z51'),('TP010',67,'2023-05-06 04:22:09',-21.49,15.28,'Z52'),('TP008',68,'2023-05-06 05:36:48',-15.00,55.28,'Z53'),('TP001',69,'2023-05-06 05:41:26',-6.75,68.02,'Z54'),('TP008',70,'2023-05-06 07:30:05',-32.49,22.79,'Z55'),('TP008',71,'2023-05-06 07:35:04',-7.25,15.54,'Z56'),('TP008',72,'2023-05-06 08:27:37',-14.25,1.29,'Z57'),('TP007',73,'2023-05-06 08:55:17',-26.50,14.52,'Z58'),('TP008',74,'2023-05-06 11:32:12',100.00,101.29,'Top Up'),('TP008',75,'2023-05-06 11:37:12',-10.25,91.04,'Z59'),('TP004',76,'2023-05-06 12:58:39',-23.24,30.03,'Z60'),('TP005',77,'2023-05-07 02:07:48',-14.74,50.28,'Z61'),('TP002',78,'2023-05-07 03:29:00',-19.99,72.29,'Z62'),('TP007',79,'2023-05-07 05:32:11',-9.25,5.27,'Z63'),('TP005',80,'2023-05-07 06:34:44',-18.75,31.53,'Z64'),('TP002',81,'2023-05-07 06:45:21',-15.00,57.29,'Z65'),('TP006',82,'2023-05-07 08:05:26',-14.99,9.79,'Z66'),('TP008',83,'2023-05-07 09:07:17',-21.99,69.05,'Z67'),('TP007',84,'2023-05-07 10:12:09',100.00,105.27,'Top Up'),('TP007',85,'2023-05-07 10:17:09',-14.25,91.02,'Z68'),('TP002',86,'2023-05-07 11:43:24',-15.74,41.55,'Z69'),('TP005',87,'2023-05-07 11:45:47',-21.49,10.04,'Z70'),('TP002',88,'2023-05-08 00:28:11',-15.25,26.30,'Z71'),('TP001',89,'2023-05-08 00:50:18',-22.74,45.28,'Z72'),('TP010',90,'2023-05-08 01:21:02',100.00,115.28,'Top Up'),('TP010',91,'2023-05-08 01:26:02',-17.99,97.29,'Z73'),('TP003',92,'2023-05-08 04:05:33',-10.50,46.28,'Z74'),('TP006',93,'2023-05-08 04:42:12',100.00,109.79,'Top Up'),('TP006',94,'2023-05-08 04:47:12',-10.74,99.05,'Z75'),('TP007',95,'2023-05-08 06:49:23',-36.98,54.04,'Z76'),('TP006',96,'2023-05-08 07:33:36',-11.99,87.06,'Z77'),('TP009',97,'2023-05-08 07:43:01',-7.75,23.27,'Z78'),('TP002',98,'2023-05-08 09:00:09',-11.99,14.31,'Z79'),('TP001',99,'2023-05-08 11:44:32',-6.75,38.53,'Z80'),('TP010',100,'2023-05-09 03:29:36',-12.25,85.04,'Z81'),('TP006',101,'2023-05-09 04:08:44',-12.49,74.57,'Z82'),('TP002',102,'2023-05-09 05:00:12',100.00,114.31,'Top Up'),('TP002',103,'2023-05-09 05:05:12',-15.49,98.82,'Z83'),('TP009',104,'2023-05-09 05:31:09',-11.00,12.27,'Z84'),('TP003',105,'2023-05-09 06:34:16',-16.00,30.28,'Z85'),('TP002',106,'2023-05-09 08:05:52',-6.50,92.32,'Z86'),('TP010',107,'2023-05-09 08:12:21',-33.00,52.04,'Z87'),('TP001',108,'2023-05-09 09:32:45',-32.50,6.03,'Z88'),('TP008',109,'2023-05-09 11:46:36',-11.49,57.56,'Z89'),('TP004',110,'2023-05-09 12:54:17',-9.75,20.28,'Z90'),('TP007',111,'2023-05-10 01:38:34',-13.75,40.29,'Z91'),('TP008',112,'2023-05-10 02:05:41',-11.00,46.56,'Z92'),('TP002',113,'2023-05-10 02:40:23',-10.00,82.32,'Z93'),('TP007',114,'2023-05-10 06:37:08',-18.49,21.80,'Z94'),('TP007',115,'2023-05-10 07:09:27',-5.99,15.81,'Z95'),('TP005',116,'2023-05-10 07:44:25',100.00,110.04,'Top Up'),('TP005',117,'2023-05-10 07:49:25',-13.75,96.29,'Z96'),('TP005',118,'2023-05-10 08:02:41',-19.99,76.30,'Z97'),('TP003',119,'2023-05-10 09:35:11',-15.99,14.29,'Z98'),('TP007',120,'2023-05-10 10:22:20',-11.74,4.07,'Z99'),('TP008',121,'2023-05-10 11:01:44',-25.99,20.57,'Z100'),('TP005',122,'2023-05-11 01:48:41',-1.50,74.80,'Z101'),('TP004',123,'2023-05-11 02:55:15',100.00,120.28,'Top Up'),('TP004',124,'2023-05-11 03:00:15',-31.74,88.54,'Z102'),('TP010',125,'2023-05-11 05:04:36',-12.24,39.80,'Z103'),('TP001',126,'2023-05-11 06:17:19',100.00,106.03,'Top Up'),('TP001',127,'2023-05-11 06:22:19',-15.25,90.78,'Z104'),('TP007',128,'2023-05-11 07:18:18',100.00,104.07,'Top Up'),('TP007',129,'2023-05-11 07:23:18',-17.75,86.32,'Z105'),('TP007',130,'2023-05-11 07:30:32',-28.48,57.84,'Z106'),('TP003',131,'2023-05-11 09:56:52',-7.50,6.79,'Z107'),('TP010',132,'2023-05-11 10:39:55',-14.23,25.57,'Z108'),('TP001',133,'2023-05-11 11:46:05',-7.75,83.03,'Z109'),('TP010',134,'2023-05-11 12:53:00',-18.00,7.57,'Z110'),('TP010',135,'2023-05-12 02:29:48',100.00,107.57,'Top Up'),('TP010',136,'2023-05-12 02:34:48',-12.50,95.07,'Z111'),('TP002',137,'2023-05-12 03:34:43',-22.50,59.82,'Z112'),('TP006',138,'2023-05-12 04:20:38',-11.49,63.08,'Z113'),('TP005',139,'2023-05-12 06:36:33',-22.99,51.81,'Z114'),('TP007',140,'2023-05-12 07:06:16',-13.49,44.35,'Z115'),('TP003',141,'2023-05-12 08:44:41',100.00,106.79,'Top Up'),('TP003',142,'2023-05-12 08:49:41',-29.23,77.56,'Z116'),('TP008',143,'2023-05-12 09:43:49',-13.00,7.57,'Z117'),('TP007',144,'2023-05-12 10:46:40',-11.49,32.86,'Z118'),('TP002',145,'2023-05-12 10:52:11',-19.00,40.82,'Z119'),('TP010',146,'2023-05-12 11:20:25',-19.00,76.07,'Z120'),('TP010',147,'2023-05-13 02:37:35',-13.49,62.58,'Z121'),('TP007',148,'2023-05-13 03:26:29',-13.48,19.38,'Z122'),('TP002',149,'2023-05-13 05:29:27',-13.75,27.07,'Z123'),('TP007',150,'2023-05-13 05:35:51',100.00,119.38,'Top Up'),('TP007',151,'2023-05-13 05:40:51',-21.00,98.38,'Z124'),('TP009',152,'2023-05-13 06:04:30',-11.50,0.77,'Z125'),('TP003',153,'2023-05-13 07:43:14',-17.00,60.56,'Z126'),('TP007',154,'2023-05-13 07:45:34',-28.50,69.88,'Z127'),('TP002',155,'2023-05-13 10:12:09',-18.49,8.58,'Z128'),('TP003',156,'2023-05-13 11:35:10',-14.24,46.32,'Z129'),('TP006',157,'2023-05-13 12:02:12',-9.99,53.09,'Z130'),('TP004',158,'2023-05-14 02:09:43',-68.00,20.54,'Z131'),('TP003',159,'2023-05-14 02:22:46',-9.50,36.82,'Z132'),('TP010',160,'2023-05-14 04:10:11',-15.50,47.08,'Z133'),('TP010',161,'2023-05-14 04:36:26',-10.74,36.34,'Z134'),('TP010',162,'2023-05-14 06:33:27',-27.75,8.59,'Z135'),('TP003',163,'2023-05-14 06:35:16',-21.74,15.08,'Z136'),('TP004',164,'2023-05-14 06:52:09',-9.74,10.80,'Z137'),('TP002',165,'2023-05-14 07:36:10',100.00,108.58,'Top Up'),('TP002',166,'2023-05-14 07:41:10',-12.99,95.59,'Z138'),('TP006',167,'2023-05-14 09:19:42',-14.99,38.10,'Z139'),('TP009',168,'2023-05-14 12:51:12',100.00,100.77,'Top Up'),('TP009',169,'2023-05-14 12:56:12',-15.75,85.02,'Z140'),('TP002',170,'2023-05-15 01:39:25',-16.00,79.59,'Z141'),('TP008',171,'2023-05-15 03:44:01',-6.00,1.57,'Z142'),('TP010',172,'2023-05-15 04:54:45',-5.00,3.59,'Z143'),('TP003',173,'2023-05-15 06:28:13',-13.25,1.83,'Z144'),('TP005',174,'2023-05-15 06:58:23',-13.75,38.06,'Z145'),('TP009',175,'2023-05-15 08:54:24',-22.75,62.27,'Z146'),('TP010',176,'2023-05-15 09:48:12',100.00,103.59,'Top Up'),('TP010',177,'2023-05-15 09:53:12',-15.00,88.59,'Z147'),('TP009',178,'2023-05-15 10:33:36',-14.24,48.03,'Z148'),('TP003',179,'2023-05-15 11:22:09',100.00,101.83,'Top Up'),('TP003',180,'2023-05-15 11:27:09',-9.99,91.84,'Z149'),('TP005',181,'2023-05-15 12:21:45',-14.50,23.56,'Z150'),('TP004',182,'2023-05-16 00:31:14',100.00,110.80,'Top Up'),('TP004',183,'2023-05-16 00:36:14',-11.25,99.55,'Z151'),('TP007',184,'2023-05-16 02:32:12',-9.50,60.38,'Z152'),('TP010',185,'2023-05-16 04:32:39',-13.00,75.59,'Z153'),('TP009',186,'2023-05-16 05:45:49',-13.99,34.04,'Z154'),('TP009',187,'2023-05-16 06:21:04',-9.00,25.04,'Z155'),('TP007',188,'2023-05-16 08:40:10',-14.00,46.38,'Z156'),('TP006',189,'2023-05-16 09:15:46',-7.75,30.35,'Z157'),('TP003',190,'2023-05-16 10:43:40',-15.00,76.84,'Z158'),('TP002',191,'2023-05-16 11:29:01',-22.50,57.09,'Z159'),('TP004',192,'2023-05-16 12:09:42',-21.24,78.31,'Z160'),('TP002',193,'2023-05-17 02:46:01',-31.74,25.35,'Z161'),('TP006',194,'2023-05-17 03:37:02',-19.00,11.35,'Z162'),('TP008',195,'2023-05-17 03:34:26',100.00,101.57,'Top Up'),('TP008',196,'2023-05-17 03:39:26',-16.99,84.58,'Z163'),('TP005',197,'2023-05-17 05:01:50',100.00,123.56,'Top Up'),('TP005',198,'2023-05-17 05:06:50',-28.24,95.32,'Z164'),('TP006',199,'2023-05-17 06:03:28',100.00,111.35,'Top Up'),('TP006',200,'2023-05-17 06:08:28',-21.49,89.86,'Z165'),('TP010',201,'2023-05-17 07:27:13',-11.00,64.59,'Z166'),('TP001',202,'2023-05-17 07:28:55',-13.75,69.28,'Z167'),('TP004',203,'2023-05-17 09:23:26',-36.50,41.81,'Z168'),('TP007',204,'2023-05-17 11:53:17',-21.00,25.38,'Z169'),('TP001',205,'2023-05-17 12:49:16',-21.49,47.79,'Z170'),('TP006',206,'2023-05-18 03:05:46',-11.25,78.61,'Z171'),('TP009',207,'2023-05-18 03:13:14',-7.25,17.79,'Z172'),('TP010',208,'2023-05-18 05:22:25',-14.75,49.84,'Z173'),('TP006',209,'2023-05-18 06:20:08',-27.00,51.61,'Z174'),('TP007',210,'2023-05-18 06:47:25',-6.75,18.63,'Z175'),('TP007',211,'2023-05-18 07:33:17',-10.99,7.64,'Z176'),('TP010',212,'2023-05-18 09:54:06',-18.24,31.60,'Z177'),('TP006',213,'2023-05-18 10:07:01',-16.25,35.36,'Z178'),('TP010',214,'2023-05-18 10:48:55',100.00,131.60,'Top Up'),('TP010',215,'2023-05-18 10:53:55',-32.50,99.10,'Z179'),('TP009',216,'2023-05-18 10:57:35',-5.99,11.80,'Z180'),('TP009',217,'2023-05-19 03:18:34',-10.00,1.80,'Z181'),('TP009',218,'2023-05-19 04:16:20',100.00,101.80,'Top Up'),('TP009',219,'2023-05-19 04:21:20',-8.74,93.06,'Z182'),('TP009',220,'2023-05-19 05:40:32',-28.24,64.82,'Z183'),('TP003',221,'2023-05-19 06:46:35',-14.25,62.59,'Z184'),('TP001',222,'2023-05-19 06:54:50',-6.50,41.29,'Z185'),('TP008',223,'2023-05-19 07:11:31',-9.25,75.33,'Z186'),('TP004',224,'2023-05-19 08:46:36',-11.49,30.32,'Z187'),('TP003',225,'2023-05-19 09:24:18',-8.50,54.09,'Z188'),('TP007',226,'2023-05-19 11:07:18',100.00,107.64,'Top Up'),('TP007',227,'2023-05-19 11:12:18',-22.98,84.66,'Z189'),('TP004',228,'2023-05-19 11:46:27',-18.99,11.33,'Z190'),('TP009',229,'2023-05-20 03:47:25',-11.25,53.57,'Z191'),('TP004',230,'2023-05-20 03:50:50',100.00,111.33,'Top Up'),('TP004',231,'2023-05-20 03:55:50',-41.48,69.85,'Z192'),('TP003',232,'2023-05-20 04:19:14',-12.74,41.35,'Z193'),('TP005',233,'2023-05-20 06:07:08',-11.99,83.33,'Z194'),('TP010',234,'2023-05-20 07:57:01',-6.50,92.60,'Z195'),('TP005',235,'2023-05-20 08:49:51',-7.75,75.58,'Z196'),('TP004',236,'2023-05-20 09:53:31',-16.25,53.60,'Z197'),('TP003',237,'2023-05-20 10:25:20',-6.75,34.60,'Z198'),('TP004',238,'2023-05-20 11:05:32',-36.97,16.63,'Z199'),('TP008',239,'2023-05-20 12:31:11',-20.74,54.59,'Z200'),('TP008',240,'2023-05-21 00:26:19',-18.24,36.35,'Z201'),('TP003',241,'2023-05-21 04:30:36',-31.48,3.12,'Z202'),('TP001',242,'2023-05-21 05:55:00',-12.50,28.79,'Z203'),('TP005',243,'2023-05-21 06:56:51',-19.99,55.59,'Z204'),('TP001',244,'2023-05-21 07:43:36',-19.49,9.30,'Z205'),('TP005',245,'2023-05-21 08:15:38',-12.49,43.10,'Z206'),('TP005',246,'2023-05-21 09:49:31',-8.50,34.60,'Z207'),('TP009',247,'2023-05-21 09:54:11',-12.50,41.07,'Z208'),('TP003',248,'2023-05-21 11:21:51',100.00,103.12,'Top Up'),('TP003',249,'2023-05-21 11:26:51',-14.75,88.37,'Z209'),('TP007',250,'2023-05-21 12:37:45',-18.24,66.42,'Z210'),('TP007',251,'2023-05-22 03:07:27',-16.49,49.93,'Z211'),('TP009',252,'2023-05-22 03:10:05',-10.00,31.07,'Z212'),('TP006',253,'2023-05-22 04:58:35',-29.00,6.36,'Z213'),('TP004',254,'2023-05-22 05:23:21',100.00,116.63,'Top Up'),('TP004',255,'2023-05-22 05:28:21',-39.24,77.39,'Z214'),('TP009',256,'2023-05-22 06:40:01',-15.75,15.32,'Z215'),('TP010',257,'2023-05-22 07:31:29',-18.98,73.62,'Z216'),('TP001',258,'2023-05-22 09:07:44',100.00,109.30,'Top Up'),('TP001',259,'2023-05-22 09:12:44',-10.99,98.31,'Z217'),('TP005',260,'2023-05-22 10:46:35',-14.25,20.35,'Z218'),('TP004',261,'2023-05-22 11:01:00',-7.25,70.14,'Z219'),('TP005',262,'2023-05-22 12:36:28',-11.25,9.10,'Z220'),('TP005',263,'2023-05-23 01:48:29',-7.75,1.35,'Z221'),('TP001',264,'2023-05-23 01:50:32',-10.99,87.32,'Z222'),('TP005',265,'2023-05-23 04:44:13',100.00,101.35,'Top Up'),('TP005',266,'2023-05-23 04:49:13',-14.74,86.61,'Z223'),('TP008',267,'2023-05-23 06:28:08',-7.50,28.85,'Z224'),('TP009',268,'2023-05-23 07:20:51',-11.75,3.57,'Z225'),('TP004',269,'2023-05-23 08:01:34',-15.00,55.14,'Z226'),('TP009',270,'2023-05-23 08:01:31',100.00,103.57,'Top Up'),('TP009',271,'2023-05-23 08:06:31',-15.49,88.08,'Z227'),('TP006',272,'2023-05-23 09:48:10',100.00,106.36,'Top Up'),('TP006',273,'2023-05-23 09:53:10',-18.50,87.86,'Z228'),('TP005',274,'2023-05-23 10:47:27',-27.99,58.62,'Z229'),('TP006',275,'2023-05-23 10:55:33',-8.49,79.37,'Z230'),('TP006',276,'2023-05-24 03:25:05',-24.99,54.38,'Z231'),('TP007',277,'2023-05-24 04:51:20',-16.74,33.19,'Z232'),('TP008',278,'2023-05-24 05:21:23',-18.98,9.87,'Z233'),('TP009',279,'2023-05-24 05:59:33',-18.49,69.59,'Z234'),('TP008',280,'2023-05-24 06:46:40',-6.00,3.87,'Z235'),('TP006',281,'2023-05-24 08:39:46',-20.49,33.89,'Z236'),('TP008',282,'2023-05-24 08:55:00',100.00,103.87,'Top Up'),('TP008',283,'2023-05-24 09:00:00',-23.49,80.38,'Z237'),('TP006',284,'2023-05-24 09:57:34',-19.24,14.65,'Z238'),('TP007',285,'2023-05-24 10:33:45',-17.00,16.19,'Z239'),('TP008',286,'2023-05-24 11:11:12',-15.00,65.38,'Z240'),('TP001',287,'2023-05-25 02:34:32',-16.49,70.83,'Z241'),('TP008',288,'2023-05-25 04:45:06',-24.49,40.89,'Z242'),('TP006',289,'2023-05-25 05:26:22',100.00,114.65,'Top Up'),('TP006',290,'2023-05-25 05:31:22',-16.49,98.16,'Z243'),('TP006',291,'2023-05-25 06:48:19',-10.25,87.91,'Z244'),('TP007',292,'2023-05-25 06:51:24',100.00,116.19,'Top Up'),('TP007',293,'2023-05-25 06:56:24',-32.49,83.70,'Z245'),('TP006',294,'2023-05-25 07:40:03',-23.24,64.67,'Z246'),('TP005',295,'2023-05-25 09:12:51',-9.00,49.62,'Z247'),('TP007',296,'2023-05-25 10:06:21',-13.00,70.70,'Z248'),('TP009',297,'2023-05-25 11:00:37',-14.49,55.10,'Z249'),('TP006',298,'2023-05-25 11:31:22',-12.50,52.17,'Z250'),('TP003',299,'2023-05-26 00:36:32',-8.50,79.87,'Z251'),('TP010',300,'2023-05-26 02:14:40',-50.24,23.38,'Z252'),('TP004',301,'2023-05-26 05:10:22',-13.25,41.89,'Z253'),('TP008',302,'2023-05-26 05:28:10',-12.75,28.14,'Z254'),('TP007',303,'2023-05-26 05:53:18',-18.00,52.70,'Z255'),('TP008',304,'2023-05-26 08:20:31',-18.50,9.64,'Z256'),('TP001',305,'2023-05-26 09:35:55',-13.00,57.83,'Z257'),('TP010',306,'2023-05-26 09:36:07',-8.75,14.63,'Z258'),('TP002',307,'2023-05-26 10:41:57',-16.49,8.86,'Z259'),('TP007',308,'2023-05-26 12:37:12',-24.74,27.96,'Z260'),('TP009',309,'2023-05-27 00:55:38',-10.00,45.10,'Z261'),('TP004',310,'2023-05-27 04:41:07',-18.49,23.40,'Z262'),('TP002',311,'2023-05-27 05:25:01',100.00,108.86,'Top Up'),('TP002',312,'2023-05-27 05:30:01',-28.48,80.38,'Z263'),('TP010',313,'2023-05-27 06:37:07',100.00,114.63,'Top Up'),('TP010',314,'2023-05-27 06:42:07',-17.74,96.89,'Z264'),('TP008',315,'2023-05-27 07:23:02',100.00,109.64,'Top Up'),('TP008',316,'2023-05-27 07:28:02',-18.00,91.64,'Z265'),('TP008',317,'2023-05-27 08:55:11',-19.25,72.39,'Z266'),('TP005',318,'2023-05-27 09:45:34',-12.00,37.62,'Z267'),('TP001',319,'2023-05-27 10:11:05',-12.00,45.83,'Z268'),('TP001',320,'2023-05-27 10:44:55',-21.24,24.59,'Z269'),('TP010',321,'2023-05-27 11:55:00',-18.50,78.39,'Z270'),('TP009',322,'2023-05-28 02:36:23',-12.50,32.60,'Z271'),('TP003',323,'2023-05-28 03:37:42',-21.50,58.37,'Z272'),('TP004',324,'2023-05-28 03:54:01',-21.25,2.15,'Z273'),('TP008',325,'2023-05-28 04:36:45',-10.25,62.14,'Z274'),('TP009',326,'2023-05-28 04:46:30',-28.75,3.85,'Z275'),('TP005',327,'2023-05-28 06:16:03',-10.50,27.12,'Z276'),('TP010',328,'2023-05-28 07:07:44',-9.00,69.39,'Z277'),('TP010',329,'2023-05-28 09:35:27',-13.24,56.15,'Z278'),('TP002',330,'2023-05-28 10:30:39',-13.00,67.38,'Z279'),('TP006',331,'2023-05-28 12:16:24',-13.25,38.92,'Z280'),('TP006',332,'2023-05-29 01:35:25',-9.00,29.92,'Z281'),('TP006',333,'2023-05-29 04:58:46',-22.50,7.42,'Z282'),('TP005',334,'2023-05-29 05:44:27',-20.49,6.63,'Z283'),('TP004',335,'2023-05-29 06:10:01',100.00,102.15,'Top Up'),('TP004',336,'2023-05-29 06:15:01',-14.25,87.90,'Z284'),('TP006',337,'2023-05-29 06:17:37',100.00,107.42,'Top Up'),('TP006',338,'2023-05-29 06:22:37',-9.74,97.68,'Z285'),('TP004',339,'2023-05-29 07:52:21',-12.99,74.91,'Z286'),('TP006',340,'2023-05-29 09:24:13',-19.99,77.69,'Z287'),('TP001',341,'2023-05-29 09:44:49',-12.50,12.09,'Z288'),('TP010',342,'2023-05-29 09:56:34',-13.49,42.66,'Z289'),('TP008',343,'2023-05-29 11:57:12',-15.99,46.15,'Z290'),('TP006',344,'2023-05-30 02:43:30',-9.00,68.69,'Z291'),('TP002',345,'2023-05-30 04:17:35',-24.99,42.39,'Z292'),('TP010',346,'2023-05-30 04:56:49',-36.49,6.17,'Z293'),('TP008',347,'2023-05-30 05:12:22',-24.74,21.41,'Z294'),('TP009',348,'2023-05-30 05:38:14',100.00,103.85,'Top Up'),('TP009',349,'2023-05-30 05:43:14',-13.25,90.60,'Z295'),('TP006',350,'2023-05-30 06:30:26',-15.00,53.69,'Z296'),('TP005',351,'2023-05-30 08:43:40',100.00,106.63,'Top Up'),('TP005',352,'2023-05-30 08:48:40',-7.50,99.13,'Z297'),('TP007',353,'2023-05-30 10:37:40',-18.49,9.47,'Z298'),('TP005',354,'2023-05-30 11:09:35',-15.99,83.14,'Z299'),('TP009',355,'2023-05-30 11:38:02',-32.49,58.11,'Z300'),('TP007',356,'2023-05-31 00:29:25',100.00,109.47,'Top Up'),('TP007',357,'2023-05-31 00:34:25',-12.50,96.97,'Z301'),('TP010',358,'2023-05-31 03:19:30',100.00,106.17,'Top Up'),('TP010',359,'2023-05-31 03:24:30',-21.50,84.67,'Z302'),('TP010',360,'2023-05-31 05:23:17',-30.74,53.93,'Z303'),('TP005',361,'2023-05-31 06:11:30',-46.74,36.40,'Z304'),('TP001',362,'2023-05-31 06:45:42',-11.75,0.34,'Z305'),('TP004',363,'2023-05-31 08:27:32',-8.24,66.67,'Z306'),('TP009',364,'2023-05-31 08:48:17',-12.99,45.12,'Z307'),('TP001',365,'2023-05-31 10:23:04',100.00,100.34,'Top Up'),('TP001',366,'2023-05-31 10:28:04',-18.00,82.34,'Z308'),('TP004',367,'2023-05-31 11:27:34',-15.99,50.68,'Z309'),('TP008',368,'2023-05-31 12:32:16',-15.74,5.67,'Z310'),('TP001',398,'2023-07-07 07:04:24',-20.97,61.37,'Z311'),('TP001',399,'2023-07-07 09:25:01',-9.50,51.87,'Z312'),('TP001',400,'2023-07-07 09:34:52',10.00,61.87,'Top Up');
/*!40000 ALTER TABLE `sm_balance_history_table` ENABLE KEYS */;
UNLOCK TABLES;

--
-- Table structure for table `store_table`
--

DROP TABLE IF EXISTS `store_table`;
/*!40101 SET @saved_cs_client     = @@character_set_client */;
/*!50503 SET character_set_client = utf8mb4 */;
CREATE TABLE `store_table` (
  `store_id` varchar(8) NOT NULL,
  `store_password` varchar(45) NOT NULL,
  `store_name` varchar(50) NOT NULL,
  `store_account_balance` decimal(8,2) NOT NULL,
  PRIMARY KEY (`store_id`)
) ENGINE=InnoDB DEFAULT CHARSET=utf8mb4 COLLATE=utf8mb4_0900_ai_ci;
/*!40101 SET character_set_client = @saved_cs_client */;

--
-- Dumping data for table `store_table`
--

LOCK TABLES `store_table` WRITE;
/*!40000 ALTER TABLE `store_table` DISABLE KEYS */;
INSERT INTO `store_table` VALUES ('BBQ','BBQ','BBQGiller',1139.68),('BOBA','BABA','BoBoTeaTea N/A',1066.52),('HAHAHA','fd324','foodStore',20.00),('KPT','KPT','Kopitiam',997.52),('SS','SS','SushiQueen',1230.36),('TAT','TAT','TieATie',357.50),('WEST','WEST','Western Cafe',714.73);
/*!40000 ALTER TABLE `store_table` ENABLE KEYS */;
UNLOCK TABLES;
/*!40103 SET TIME_ZONE=@OLD_TIME_ZONE */;

/*!40101 SET SQL_MODE=@OLD_SQL_MODE */;
/*!40014 SET FOREIGN_KEY_CHECKS=@OLD_FOREIGN_KEY_CHECKS */;
/*!40014 SET UNIQUE_CHECKS=@OLD_UNIQUE_CHECKS */;
/*!40101 SET CHARACTER_SET_CLIENT=@OLD_CHARACTER_SET_CLIENT */;
/*!40101 SET CHARACTER_SET_RESULTS=@OLD_CHARACTER_SET_RESULTS */;
/*!40101 SET COLLATION_CONNECTION=@OLD_COLLATION_CONNECTION */;
/*!40111 SET SQL_NOTES=@OLD_SQL_NOTES */;

-- Dump completed on 2023-07-08  0:11:47
